passenger_id,fname,lname,passport,national_id,gender,age,email
1,Daryn,Lamshead,,138-68-4730,F,66,dlamshead0@mit.edu
2,Therine,Denslow,BE3987038,460-01-2859,F,47,tdenslow1@go.com
3,Becky,Ausiello,TN1990925,377-28-0636,F,63,bausiello2@google.pl
4,Theadora,Theodore,OL6660331,761-72-8459,F,42,ttheodore3@wufoo.com
5,Jeffrey,Woodfield,,796-50-8755,M,66,jwoodfield4@epa.gov
6,Dick,McGiveen,IC6552775,224-77-9351,M,67,dmcgiveen5@thetimes.co.uk
7,Gothart,Farrier,HT0518695,333-21-3278,M,51,gfarrier6@pinterest.com
8,Hart,Normandale,GC2543717,658-92-4079,M,59,hnormandale7@china.com.cn
9,Kasper,Danielczyk,QJ4778706,,M,41,kdanielczyk8@exblog.jp
10,Burlie,Gartin,,430-08-1887,M,61,bgartin9@google.com
11,Alvira,Priestley,YI4546736,393-21-3216,F,66,apriestleya@homestead.com
12,Ashley,Olczyk,FU7158697,483-69-8853,M,68,aolczykb@webs.com
13,Salvador,Figg,DA5301845,,M,33,sfiggc@goodreads.com
14,Meir,Stroton,,202-28-1559,M,37,mstrotond@jugem.jp
15,Marwin,Groveham,,411-25-4084,M,65,mgrovehame@moonfruit.com
16,Merola,Rosenauer,BS0518912,586-63-2299,F,65,mrosenauerf@google.ca
17,Jaimie,Raimbauld,QK1391815,638-40-6511,F,58,jraimbauldg@pen.io
18,Vita,Compson,VR9497215,501-45-5992,F,63,vcompsonh@pinterest.com
19,Herve,Banishevitz,,764-30-7495,M,69,hbanishevitzi@mtv.com
20,Russell,Sneezem,,308-06-2729,M,51,rsneezemj@ucla.edu
21,Brendis,Lepard,HZ1759663,470-36-3262,M,68,blepardk@oaic.gov.au
22,Paxon,Sauter,ZJ6196055,,M,68,psauterl@netlog.com
23,Isabelita,Edwin,,868-02-0957,F,65,iedwinm@arstechnica.com
24,Stephenie,Ilyukhov,,643-61-9965,F,67,silyukhovn@nih.gov
25,Mathian,Singh,NH2958381,210-84-1531,M,59,msingho@jalbum.net
26,Oswell,Taleworth,HN2823770,113-04-9456,M,53,otaleworthp@elpais.com
27,Helen,Pirdy,MW3314800,506-17-4827,F,65,hpirdyq@altervista.org
28,Claire,Goldney,,333-24-8563,M,64,cgoldneyr@wikia.com
29,Daisi,Allston,GD4644439,640-50-9930,F,57,dallstons@bandcamp.com
30,Jordan,Stowell,,467-14-5706,M,65,jstowellt@instagram.com
31,Fay,Bernardt,HE9255310,121-75-4168,F,68,fbernardtu@jalbum.net
32,Kara,Eymer,RK2565259,696-07-2861,F,60,keymerv@creativecommons.org
33,Constantine,Morais,WA0696857,123-94-0431,M,58,cmoraisw@alexa.com
34,Stephani,Searsby,AM4061230,414-71-7330,F,52,ssearsbyx@zimbio.com
35,Kelcey,Titmarsh,,853-16-6370,F,54,ktitmarshy@joomla.org
36,Emanuele,Steinham,XN7654813,786-17-4660,M,30,esteinhamz@newyorker.com
37,Valentino,MacHarg,UD0247133,308-52-6836,M,51,vmacharg10@yale.edu
38,Carmella,Corston,RU9173427,598-18-7924,F,61,ccorston11@msn.com
39,Frasco,Kennelly,ER7057006,415-82-6462,M,60,fkennelly12@ihg.com
40,Osborne,Golden of Ireland,,392-39-3355,M,63,ogoldenofireland13@japanpost.jp
41,Sybila,D'Orsay,JM6685692,316-73-6456,F,53,sdorsay14@odnoklassniki.ru
42,Merridie,Cristofor,GR3341222,183-93-0179,F,57,mcristofor15@tripadvisor.com
43,Tiebold,Rickard,RB6975470,713-62-7736,M,47,trickard16@sun.com
44,Dame,Carlton,IN0567683,849-02-4641,M,61,dcarlton17@census.gov
45,Cherise,Josephoff,OS4370148,771-21-8846,F,66,cjosephoff18@seesaa.net
46,Aloin,Jaegar,UR6697592,431-55-7382,M,62,ajaegar19@cornell.edu
47,Rancell,Boays,ES4329905,,M,54,rboays1a@yahoo.com
48,Ruddy,Canavan,EP4020713,882-01-5985,M,51,rcanavan1b@ucsd.edu
49,Vin,Truggian,,822-73-0835,M,61,vtruggian1c@miibeian.gov.cn
50,Reinwald,Longdon,OR1823847,149-84-9331,M,55,rlongdon1d@webmd.com
51,Daniel,Solley,EW4250723,801-89-3353,M,53,dsolley1e@google.co.uk
52,Dael,Norrington,IB0201370,138-99-7264,M,66,dnorrington1f@google.cn
53,Lethia,Rojahn,,308-01-2909,F,64,lrojahn1g@nih.gov
54,Vincenty,Claworth,YR2484794,546-35-4903,M,58,vclaworth1h@bloglines.com
55,Esra,Melanaphy,NC4059487,,M,56,emelanaphy1i@independent.co.uk
56,Durward,Kimbell,IN8441669,839-49-6675,M,60,dkimbell1j@usgs.gov
57,Jameson,Titchener,,851-12-2711,M,43,jtitchener1k@forbes.com
58,Hercule,Sauvain,VT4726326,465-04-3293,M,54,hsauvain1l@intel.com
59,Kylie,Dorman,CB7694149,198-93-9481,M,62,kdorman1m@chronoengine.com
60,Simeon,Ferrieroi,,840-53-7314,M,33,sferrieroi1n@eventbrite.com
61,Xenia,Ferrieri,RZ9353348,,F,42,xferrieri1o@marriott.com
62,Nan,Evett,,660-06-9745,F,54,nevett1p@ow.ly
63,Keely,Goroni,KM0680805,687-65-0485,F,60,kgoroni1q@wordpress.org
64,Lorianne,Dell,DV4233297,251-22-4234,F,54,ldell1r@engadget.com
65,Pauline,Easterby,BW0311289,711-10-6793,F,59,peasterby1s@geocities.com
66,Lura,Domelow,CK4126473,460-81-5691,F,58,ldomelow1t@telegraph.co.uk
67,Jacenta,Cuffe,CN8991845,563-33-3275,F,69,jcuffe1u@networksolutions.com
68,Valerye,Kain,BF9106366,830-44-0666,F,62,vkain1v@globo.com
69,Karil,O'Curran,,667-42-3334,F,68,kocurran1w@flickr.com
70,Sherlocke,Ruddle,EB6462478,624-29-5247,M,57,sruddle1x@usnews.com
71,Tova,Goodliff,JO3304359,438-28-3778,F,39,tgoodliff1y@google.nl
72,Kelsey,Giovanni,WR3505660,259-66-3872,M,63,kgiovanni1z@unicef.org
73,Jeff,Marlon,GY4633168,797-86-4883,M,59,jmarlon20@blinklist.com
74,Arnoldo,Stanlike,QS3455532,842-16-4205,M,65,astanlike21@wsj.com
75,Sukey,Ruppelin,CX0568358,877-50-2790,F,65,sruppelin22@admin.ch
76,Codie,De Beauchemp,DL7209370,856-43-1938,F,59,cdebeauchemp23@flavors.me
77,Kerstin,Eveling,AL0087699,453-70-8768,F,65,keveling24@mozilla.org
78,Ramonda,Pariso,,,F,47,rpariso25@wikimedia.org
79,Tracee,Brewitt,SY2958383,651-16-8394,F,49,tbrewitt26@ucsd.edu
80,Sophie,Lynas,FG1906020,252-97-2848,F,42,slynas27@de.vu
81,Terrence,Tincey,WJ4913749,292-40-6324,M,50,ttincey28@opensource.org
82,Conn,Gooddie,DE6359142,170-40-1117,M,23,cgooddie29@va.gov
83,Carmelle,Greenroyd,LW0185825,338-75-1647,F,66,cgreenroyd2a@walmart.com
84,Reyna,Sparwell,XA9191065,340-03-9660,F,36,rsparwell2b@last.fm
85,Findley,Purslow,WS1494655,861-46-9083,M,33,fpurslow2c@dell.com
86,Eal,Giddons,DW1817496,,M,38,egiddons2d@soundcloud.com
87,Rica,Ludovici,BM8157640,339-18-5704,F,68,rludovici2e@marketwatch.com
88,Randolph,Cramond,CB8608471,667-47-6002,M,64,rcramond2f@fc2.com
89,Jacob,Nazaret,OU1832769,414-67-8878,M,14,jnazaret2g@vinaora.com
90,Teodor,Sheircliffe,,176-32-4824,M,65,tsheircliffe2h@spotify.com
91,Berkeley,Dominguez,AQ8651360,709-37-8143,M,67,bdominguez2i@ezinearticles.com
92,Constancy,Blaasch,XG5274757,718-31-9244,F,58,cblaasch2j@forbes.com
93,Danyelle,Emeline,VU3669137,319-88-0641,F,61,demeline2k@addthis.com
94,Darda,Wheaton,NM8961413,117-12-2874,F,69,dwheaton2l@51.la
95,Calvin,Matthis,HA7761306,,M,68,cmatthis2m@gizmodo.com
96,Ramsey,Swanton,BU6026564,271-45-0411,M,67,rswanton2n@who.int
97,Sosanna,Wringe,XS1269464,870-84-4930,F,53,swringe2o@discovery.com
98,Tedra,Corriea,,472-44-5464,F,10,tcorriea2p@sitemeter.com
99,Stanly,Richt,FK8257765,818-30-7873,M,64,sricht2q@theatlantic.com
100,Leah,Ducker,BI4442937,,F,64,lducker2r@stanford.edu
101,Randolf,Ranyell,UD8844173,182-50-9066,M,61,rranyell2s@icq.com
102,Alis,Kleinlerer,AP5321185,830-50-0954,F,55,akleinlerer2t@dagondesign.com
103,Jemimah,Molden,TE1105447,519-34-5963,F,61,jmolden2u@google.ca
104,Joshia,Dark,,686-29-0340,M,43,jdark2v@army.mil
105,Wiatt,McCullouch,ZG7875764,812-41-6123,M,60,wmccullouch2w@aol.com
106,Roger,Woodcroft,ZB5769635,154-07-0594,M,63,rwoodcroft2x@symantec.com
107,Keriann,Pretorius,DF3541165,136-81-1062,F,52,kpretorius2y@tmall.com
108,Aguie,Fruchter,GF5005533,159-98-9144,M,67,afruchter2z@un.org
109,Roanna,Moyer,RN5989349,843-98-3518,F,60,rmoyer30@google.fr
110,Sebastiano,Tames,XU4213749,,M,62,stames31@quantcast.com
111,Lula,Phlippi,,753-99-2934,F,38,lphlippi32@slideshare.net
112,Arnold,Docharty,FI5552418,350-36-7671,M,58,adocharty33@prlog.org
113,Jared,Thieme,AR4388654,460-30-8242,M,64,jthieme34@mtv.com
114,Granthem,Tonnesen,EJ2460617,137-94-6599,M,51,gtonnesen35@washingtonpost.com
115,Jennie,Sollowaye,,667-65-7010,F,68,jsollowaye36@linkedin.com
116,Dulci,Roughan,FH9226648,197-60-2843,F,64,droughan37@biblegateway.com
117,Dirk,Figgen,,103-71-2516,M,61,dfiggen38@arizona.edu
118,Cornall,Hearnes,MG1622373,203-05-6650,M,19,chearnes39@com.com
119,Alejandrina,Hankey,JV6896647,,F,60,ahankey3a@biblegateway.com
120,Megan,Saville,,347-72-4516,F,66,msaville3b@over-blog.com
121,Nickolai,Gregorace,UJ4456440,455-91-1940,M,61,ngregorace3c@ebay.com
122,Billy,Shelly,,627-72-9837,F,33,bshelly3d@stumbleupon.com
123,Obadiah,Billingsley,RD0929134,,M,62,obillingsley3e@elegantthemes.com
124,Nanci,Olivari,,,F,56,nolivari3f@shop-pro.jp
125,Ariadne,Pelfer,QK4679021,,F,64,apelfer3g@exblog.jp
126,Lev,Swires,,681-80-3518,M,61,lswires3h@netvibes.com
127,Nikolaos,Garcia,,888-57-6859,M,66,ngarcia3i@sciencedirect.com
128,Davie,Easthope,AK5200166,809-93-9274,M,33,deasthope3j@upenn.edu
129,Becka,Haley,OW5568499,629-31-3656,F,61,bhaley3k@ustream.tv
130,Eleonore,Pyecroft,VI6072776,375-42-8924,F,33,epyecroft3l@nsw.gov.au
131,Sheryl,Kale,ON2322264,240-53-2734,F,44,skale3m@gov.uk
132,Ali,Trigwell,BK4351058,883-69-0117,M,61,atrigwell3n@wp.com
133,Barney,Alebrooke,,212-26-0945,M,66,balebrooke3o@list-manage.com
134,Lu,Eitter,GI2873506,112-68-9164,F,58,leitter3p@paginegialle.it
135,Gunner,Dwyer,GW0555020,268-91-3881,M,65,gdwyer3q@1und1.de
136,Armand,Arnoldi,,,M,15,aarnoldi3r@europa.eu
137,Noah,Ragborne,RO9150241,,M,59,nragborne3s@delicious.com
138,Mercedes,Braam,,206-40-6373,F,66,mbraam3t@skype.com
139,Brier,Drayton,OM5350211,887-99-7074,F,49,bdrayton3u@ocn.ne.jp
140,Thorndike,Adriano,,337-79-6992,M,63,tadriano3v@51.la
141,Clementina,Gingedale,XH6548312,584-35-2498,F,53,cgingedale3w@php.net
142,Clarence,Flanaghan,VP5512436,165-44-7345,M,55,cflanaghan3x@epa.gov
143,Donella,Breagan,US7425970,750-89-2000,F,62,dbreagan3y@engadget.com
144,Dimitri,Withringten,TN4711779,505-70-2552,M,56,dwithringten3z@naver.com
145,Hilda,Gagie,DQ5095494,,F,65,hgagie40@mozilla.com
146,Dredi,Chevins,DW8440590,142-49-2408,F,69,dchevins41@dell.com
147,Gilemette,MacCurlye,WV2750804,499-14-7083,F,60,gmaccurlye42@google.com.hk
148,Cesar,Leavey,ES0084999,562-83-0604,M,56,cleavey43@bluehost.com
149,Gray,Bales,WB1990713,177-32-8363,F,68,gbales44@statcounter.com
150,Melodee,Deftie,XA8353794,853-13-3367,F,51,mdeftie45@shinystat.com
151,Blinny,McGregor,LM0385755,558-16-2306,F,53,bmcgregor46@behance.net
152,Geri,McQueen,QJ0766870,798-61-3903,F,42,gmcqueen47@ustream.tv
153,Carmen,Monini,,830-73-0993,F,50,cmonini48@cyberchimps.com
154,Binnie,Pachmann,,,F,10,bpachmann49@ning.com
155,Joyann,Carreck,JI9910091,101-53-3334,F,67,jcarreck4a@infoseek.co.jp
156,Henry,Massard,JO7192541,231-13-8072,M,30,hmassard4b@umn.edu
157,Malissa,Gammon,,738-24-1882,F,49,mgammon4c@yahoo.com
158,Silvana,Oaten,GR7664078,401-36-7549,F,58,soaten4d@goo.ne.jp
159,Avery,Beers,NU2045804,804-71-2817,M,61,abeers4e@biglobe.ne.jp
160,Binnie,Lazenby,DH8210260,138-82-8137,F,57,blazenby4f@elegantthemes.com
161,Kacie,Bredee,TR7366127,795-82-1725,F,40,kbredee4g@homestead.com
162,Benedict,Itskovitz,,862-23-0221,M,51,bitskovitz4h@geocities.com
163,Armando,Carlon,IV5530109,554-31-9947,M,44,acarlon4i@washington.edu
164,Melicent,Tardiff,CN6368978,,F,56,mtardiff4j@nytimes.com
165,Tess,MacKeogh,,460-14-2607,F,53,tmackeogh4k@woothemes.com
166,Tom,Castiglione,MX3334665,512-72-0674,M,57,tcastiglione4l@mlb.com
167,Stanley,Loyley,,679-74-9757,M,64,sloyley4m@independent.co.uk
168,Thayne,MacKaile,QK0498965,475-12-6102,M,55,tmackaile4n@cyberchimps.com
169,Aloysia,Verrick,FH7550051,867-87-7054,F,51,averrick4o@topsy.com
170,Skelly,Paxforde,,193-42-7748,M,44,spaxforde4p@psu.edu
171,Pietrek,Lankham,DI1894113,367-27-8313,M,43,plankham4q@networksolutions.com
172,Aileen,Gavaghan,ZS2450476,100-05-4306,F,64,agavaghan4r@ehow.com
173,Stanly,Horrigan,,140-75-3242,M,43,shorrigan4s@wikispaces.com
174,Brandais,Macro,QA6260609,722-02-5986,F,63,bmacro4t@zdnet.com
175,Foss,Depper,IA9448160,644-73-1612,M,55,fdepper4u@patch.com
176,Andriana,McDonagh,SV7682869,184-65-6297,F,67,amcdonagh4v@huffingtonpost.com
177,Seana,Clash,,162-53-6912,F,59,sclash4w@newsvine.com
178,Averil,Brittlebank,UL8533425,657-79-9908,M,60,abrittlebank4x@instagram.com
179,Lelah,Shildrick,LU5305340,596-68-4661,F,47,lshildrick4y@discovery.com
180,Dionysus,Akett,,792-52-6337,M,65,dakett4z@state.tx.us
181,Doti,Drife,PK8726093,705-63-6589,F,57,ddrife50@theglobeandmail.com
182,Terrence,Drieu,WX3929290,477-03-1346,M,54,tdrieu51@washington.edu
183,Iormina,Wannan,,471-88-4776,F,64,iwannan52@themeforest.net
184,Carson,Powter,VW8331897,534-54-0206,M,65,cpowter53@edublogs.org
185,Carce,Dillamore,,838-42-0017,M,38,cdillamore54@facebook.com
186,Nevin,Breinl,FZ0815241,590-79-5948,M,60,nbreinl55@mozilla.org
187,Thoma,Dailey,HQ9662593,125-67-6078,M,67,tdailey56@nydailynews.com
188,Sansone,Bernat,,811-18-7676,M,64,sbernat57@pen.io
189,Mariska,Dionisetto,NQ9576764,,F,30,mdionisetto58@forbes.com
190,Rasia,Ochterlony,,,F,68,rochterlony59@army.mil
191,Konstantin,Huyhton,,,M,66,khuyhton5a@gmpg.org
192,Howard,Frowde,UZ0014003,443-12-5522,M,63,hfrowde5b@aboutads.info
193,Abramo,Scarce,VL3754962,624-06-1128,M,62,ascarce5c@shinystat.com
194,Kareem,Rohlf,ZV8652144,579-80-8153,M,50,krohlf5d@buzzfeed.com
195,Jesselyn,Binney,,116-11-0375,F,11,jbinney5e@reuters.com
196,Carlen,Morican,FW6037216,,F,60,cmorican5f@last.fm
197,Derril,Couth,DU7081585,707-75-7045,M,63,dcouth5g@seattletimes.com
198,Fraser,Delacourt,,,M,60,fdelacourt5h@symantec.com
199,Tabor,Ondrus,,225-29-2829,M,52,tondrus5i@guardian.co.uk
200,Tonie,Schott,,516-41-5769,F,54,tschott5j@wikimedia.org
201,Robinia,Storrah,KL0735118,806-82-1701,F,52,rstorrah5k@rambler.ru
202,Cherie,Ebi,,520-56-4042,F,57,cebi5l@mail.ru
203,Alfie,Mosdell,,124-85-4333,F,20,amosdell5m@xrea.com
204,Lennie,Gipson,GX3833923,,M,51,lgipson5n@wordpress.org
205,Gustaf,Woolger,KI2699834,157-72-0401,M,57,gwoolger5o@moonfruit.com
206,Pierce,Eva,GX0674963,609-82-8833,M,66,peva5p@google.co.jp
207,Antonia,Germain,VZ7860208,495-04-8678,F,41,agermain5q@google.com.br
208,Tarah,Camilleri,JK8776486,337-68-8743,F,68,tcamilleri5r@engadget.com
209,Bartram,Budik,,206-17-8094,M,66,bbudik5s@diigo.com
210,Welbie,Mateescu,,308-82-7456,M,53,wmateescu5t@addthis.com
211,Jasmine,Connah,BW0984935,640-99-2233,F,60,jconnah5u@parallels.com
212,Letti,Oakton,AW6864426,168-77-0271,F,68,loakton5v@gnu.org
213,Moore,Kembry,KM7671894,719-14-5830,M,60,mkembry5w@home.pl
214,Dillon,Haggett,,602-34-0929,M,69,dhaggett5x@noaa.gov
215,Gigi,Shorrock,ND7536906,307-40-7151,F,55,gshorrock5y@mayoclinic.com
216,Tann,Dimeloe,SN8853188,148-80-0683,M,62,tdimeloe5z@utexas.edu
217,Ari,Dawby,AS6015920,299-70-9972,M,55,adawby60@amazon.de
218,Egan,Lipyeat,,439-95-4413,M,60,elipyeat61@narod.ru
219,Elie,Birkby,KQ1501862,188-90-6209,F,52,ebirkby62@upenn.edu
220,Ana,Frascone,,357-38-9010,F,62,afrascone63@imgur.com
221,Christie,Sollitt,,500-96-5991,F,69,csollitt64@disqus.com
222,Finlay,Gatchell,,,M,31,fgatchell65@abc.net.au
223,Benjamen,McPeice,CX2041477,,M,57,bmcpeice66@bravesites.com
224,Walden,Rutledge,JM8064728,861-17-1233,M,62,wrutledge67@hud.gov
225,Ugo,Minghella,,396-28-9356,M,10,uminghella68@msn.com
226,Lidia,Deverale,HM2335845,734-84-7167,F,55,ldeverale69@parallels.com
227,Eugen,Dineen,,310-42-3900,M,46,edineen6a@google.com.br
228,Hiram,Mariet,XG6534439,865-62-7053,M,69,hmariet6b@answers.com
229,Selie,Wilmore,AG4456435,185-63-9783,F,24,swilmore6c@amazonaws.com
230,Gordon,Brimson,RC2320953,394-60-8800,M,68,gbrimson6d@google.com.hk
231,Hermann,Iczokvitz,PT6982972,,M,65,hiczokvitz6e@soup.io
232,Pascal,Ellingworth,NO6547181,,M,53,pellingworth6f@ca.gov
233,Ignazio,Jaffa,,130-82-7067,M,66,ijaffa6g@sitemeter.com
234,Rois,Riche,FY8355761,,F,54,rriche6h@nationalgeographic.com
235,Franz,Fairhead,UT6193369,117-91-4510,M,17,ffairhead6i@facebook.com
236,Tabb,Winterburn,,667-10-0910,M,54,twinterburn6j@epa.gov
237,Neron,Standage,YL8448160,812-28-1116,M,44,nstandage6k@umich.edu
238,Claudian,Knowlson,BY6257074,,M,62,cknowlson6l@facebook.com
239,Annmarie,Trenbey,,302-82-6913,F,69,atrenbey6m@google.cn
240,El,Biasotti,,435-52-7182,M,51,ebiasotti6n@blogspot.com
241,Maxie,Sphinxe,CE3365331,,M,52,msphinxe6o@icq.com
242,Kristian,Hinnerk,TZ4280587,698-75-0425,M,61,khinnerk6p@furl.net
243,Ashley,Lidington,,733-93-7514,M,28,alidington6q@walmart.com
244,Wye,Beelby,NL4622335,651-52-0360,M,60,wbeelby6r@slideshare.net
245,Felipe,Yansons,GX6448444,343-90-9505,M,53,fyansons6s@yellowbook.com
246,Simonne,Niave,AO0407208,176-86-2915,F,56,sniave6t@behance.net
247,Kimberley,Semonin,,899-75-4758,F,54,ksemonin6u@51.la
248,Norina,Eastope,,541-24-2791,F,58,neastope6v@hao123.com
249,Gabie,Pallatina,WR6326383,308-46-2400,M,64,gpallatina6w@google.co.uk
250,Mariya,Gomez,,518-24-7058,F,66,mgomez6x@youku.com
251,Nappy,Keirl,PZ0064671,794-47-9805,M,61,nkeirl6y@telegraph.co.uk
252,Tadeas,Gillease,RD7660021,489-59-4353,M,52,tgillease6z@examiner.com
253,Cassandre,Falconar,PI0584304,261-43-6681,F,42,cfalconar70@infoseek.co.jp
254,Fremont,Gianinotti,,508-24-6397,M,63,fgianinotti71@nih.gov
255,Gideon,Prine,ZC4334893,673-75-8617,M,58,gprine72@pen.io
256,Jordana,Clendening,HN6071670,410-75-8467,F,66,jclendening73@simplemachines.org
257,Margeaux,McDugal,BT7831096,,F,46,mmcdugal74@google.com.hk
258,Dillon,Sayward,,481-69-2061,M,68,dsayward75@slideshare.net
259,Fernande,Turban,KG8881097,861-05-9312,F,63,fturban76@phpbb.com
260,Hedda,Lapre,OL4066070,,F,64,hlapre77@wp.com
261,Hazlett,Goozee,XA3593413,215-82-9508,M,63,hgoozee78@free.fr
262,Vita,Cutchee,QT0588315,576-98-1218,F,67,vcutchee79@nasa.gov
263,Charlton,Scamerden,,128-53-3661,M,65,cscamerden7a@imgur.com
264,Pippo,Horning,YB5519889,451-58-7619,M,58,phorning7b@huffingtonpost.com
265,Loraine,Derycot,,,F,42,lderycot7c@amazonaws.com
266,Bessy,Schettini,HD6996695,,F,58,bschettini7d@diigo.com
267,Bethena,Vatini,,184-25-9870,F,65,bvatini7e@jiathis.com
268,Norean,Whelpdale,,545-92-2988,F,61,nwhelpdale7f@disqus.com
269,Kinnie,Bargh,,262-44-8716,M,56,kbargh7g@icq.com
270,Shoshana,Gadman,OF8754338,139-95-9353,F,53,sgadman7h@harvard.edu
271,Bernete,Feld,,110-52-3437,F,27,bfeld7i@shareasale.com
272,Yancy,Allner,HQ2283795,346-06-0853,M,42,yallner7j@microsoft.com
273,Hans,Mishaw,WU0914675,372-73-0002,M,61,hmishaw7k@icq.com
274,Chryste,McShirie,RX0811685,534-03-0171,F,63,cmcshirie7l@tuttocitta.it
275,Pepillo,Vanyarkin,JE5370921,,M,67,pvanyarkin7m@slate.com
276,Cyril,Burnhard,AL9532697,,M,67,cburnhard7n@xrea.com
277,Antoine,Conville,OS1705031,275-18-5953,M,67,aconville7o@utexas.edu
278,Raimondo,Kaindl,,606-32-8870,M,62,rkaindl7p@weather.com
279,Hilary,Broddle,AP5100555,519-73-3924,F,66,hbroddle7q@va.gov
280,Tedie,Vannuccini,KM2776657,786-23-6129,M,42,tvannuccini7r@aboutads.info
281,Neysa,Clawsley,,,F,32,nclawsley7s@ebay.co.uk
282,Mort,Gothard,,877-56-9897,M,67,mgothard7t@cmu.edu
283,Willem,Ianetti,MR3502199,297-72-1249,M,39,wianetti7u@reference.com
284,Rhianna,Coughan,,537-45-5701,F,11,rcoughan7v@hao123.com
285,Lindsey,Alldritt,,115-80-2771,M,57,lalldritt7w@slate.com
286,Aguie,Burth,RQ7671560,843-02-7330,M,36,aburth7x@huffingtonpost.com
287,Darlene,MacBain,,519-49-3401,F,27,dmacbain7y@acquirethisname.com
288,Obadias,Dannett,TJ9816808,,M,59,odannett7z@wp.com
289,Tera,Illsley,,344-08-2763,F,67,tillsley80@bbc.co.uk
290,Carly,Grevel,NK7409048,,M,42,cgrevel81@businessinsider.com
291,Lacey,Kitteridge,,612-20-7718,F,40,lkitteridge82@buzzfeed.com
292,Aurilia,Holsall,,356-38-0980,F,64,aholsall83@privacy.gov.au
293,Ly,Swadden,VL1916168,824-38-4670,M,61,lswadden84@etsy.com
294,Ennis,Critch,JR7712691,709-75-0490,M,27,ecritch85@barnesandnoble.com
295,Lamar,Golt,,,M,66,lgolt86@ameblo.jp
296,Petrina,McGreal,LK1429435,865-31-6465,F,66,pmcgreal87@washingtonpost.com
297,Morganne,Turney,,,F,61,mturney88@independent.co.uk
298,Larina,Sells,,681-71-8968,F,65,lsells89@nhs.uk
299,Donal,Eadmeades,RO1794371,821-49-6146,M,49,deadmeades8a@go.com
300,Philomena,Skewes,VJ7926571,570-86-3968,F,57,pskewes8b@mit.edu
301,Jeannette,Callard,EC2886639,,F,63,jcallard8c@columbia.edu
302,Mae,Hayward,HM3690379,663-84-3269,F,68,mhayward8d@deliciousdays.com
303,Harlan,Geroldi,,,M,36,hgeroldi8e@sciencedaily.com
304,Livvyy,Nisuis,LQ2436406,,F,58,lnisuis8f@boston.com
305,Corbett,Jenoure,,,M,65,cjenoure8g@loc.gov
306,Rebe,Davson,QI9599467,243-60-3256,F,63,rdavson8h@google.nl
307,Isiahi,Langabeer,DS5211329,744-07-8892,M,62,ilangabeer8i@squarespace.com
308,Gill,Killcross,,569-46-1915,M,63,gkillcross8j@miibeian.gov.cn
309,Quinton,Cobbald,,763-04-4836,M,65,qcobbald8k@berkeley.edu
310,Addie,Fussell,LZ0712239,554-45-9355,F,59,afussell8l@mayoclinic.com
311,Janek,Nutkins,GV5367672,180-60-1258,M,58,jnutkins8m@fc2.com
312,Jeremiah,Escritt,DJ2793390,204-19-4779,M,43,jescritt8n@auda.org.au
313,Merna,Balden,MX6374433,,F,33,mbalden8o@bandcamp.com
314,Wynny,Gorelli,CK3328211,441-06-4264,F,59,wgorelli8p@bluehost.com
315,Danit,Trillow,JM5841794,146-13-6069,F,68,dtrillow8q@webmd.com
316,Lacey,Leggon,,290-30-7320,F,67,lleggon8r@topsy.com
317,Yale,Tolland,XJ3560831,,M,66,ytolland8s@cmu.edu
318,Merrel,Brookesbie,KI9244511,,M,65,mbrookesbie8t@jimdo.com
319,Tommy,Sargant,PT9866749,359-31-9058,M,17,tsargant8u@google.es
320,Earl,Wedlock,,633-79-7925,M,64,ewedlock8v@w3.org
321,Camey,Adie,LB1333118,579-61-9952,M,56,cadie8w@reverbnation.com
322,Raquela,Lowy,EK1293425,580-57-7772,F,50,rlowy8x@wired.com
323,Stephenie,Labon,,867-34-2984,F,54,slabon8y@google.com
324,Ellary,Dowdall,NB4139117,663-45-2685,M,63,edowdall8z@nytimes.com
325,Milton,Willett,,402-01-7441,M,62,mwillett90@tinypic.com
326,Tildie,Domeney,OM9170654,318-06-8725,F,60,tdomeney91@1688.com
327,Dominick,Antalffy,UO6135801,,M,27,dantalffy92@gravatar.com
328,Hilarius,Carlon,,,M,54,hcarlon93@seesaa.net
329,Isac,Duthy,,580-57-8107,M,30,iduthy94@cpanel.net
330,Gayler,Budget,,103-52-2858,M,63,gbudget95@artisteer.com
331,Tallulah,Paradise,QM6282833,725-17-4322,F,68,tparadise96@princeton.edu
332,Biron,O'Hara,SW0048847,151-99-2706,M,35,bohara97@simplemachines.org
333,Talbert,Kwietek,YX6965443,,M,55,tkwietek98@lycos.com
334,Tirrell,Boyd,BE0370919,124-60-5043,M,66,tboyd99@instagram.com
335,Jo,MacCole,QZ1800190,548-99-1482,F,64,jmaccole9a@gov.uk
336,Daisey,Carous,CE3913117,532-09-1023,F,63,dcarous9b@hp.com
337,Kaylee,Brislane,,767-82-2335,F,60,kbrislane9c@amazonaws.com
338,Budd,Oglesbee,,279-65-5414,M,60,boglesbee9d@fc2.com
339,Nessy,Cunniffe,VS3237034,852-30-0260,F,44,ncunniffe9e@studiopress.com
340,Nathalie,Ostrich,KJ5380460,205-71-9660,F,50,nostrich9f@techcrunch.com
341,Garrot,Stops,IC4188252,285-97-1601,M,56,gstops9g@jugem.jp
342,Clarisse,Gligorijevic,,,F,58,cgligorijevic9h@dmoz.org
343,Andree,Abbay,BR1586204,844-72-2372,F,59,aabbay9i@who.int
344,Kimble,Apark,,581-84-7893,M,60,kapark9j@indiegogo.com
345,Sal,Bawcock,,436-75-9029,F,59,sbawcock9k@noaa.gov
346,Tamiko,Caulton,,,F,32,tcaulton9l@microsoft.com
347,Web,de Quincey,,882-94-4888,M,35,wdequincey9m@macromedia.com
348,Bonny,Franca,WT5547864,,F,60,bfranca9n@blogs.com
349,Dilly,Hurn,XH6322628,180-47-3422,M,65,dhurn9o@scribd.com
350,Jesse,Shoobridge,,824-77-4310,F,47,jshoobridge9p@themeforest.net
351,Rockey,Stelli,OC3814822,574-86-5082,M,22,rstelli9q@nationalgeographic.com
352,Ardra,Harradine,,269-24-4480,F,66,aharradine9r@google.es
353,Ken,Manna,OJ8708061,124-24-8471,M,67,kmanna9s@icio.us
354,Kimberly,Clendinning,JX1727093,450-64-1369,F,60,kclendinning9t@globo.com
355,Elvis,Dellar,,273-77-8539,M,61,edellar9u@networksolutions.com
356,Tucker,Lethebridge,KB0928745,242-86-7953,M,57,tlethebridge9v@amazonaws.com
357,Falkner,Bamb,XT2853326,590-01-5286,M,67,fbamb9w@t.co
358,Nydia,Matveichev,MQ3672769,272-01-3635,F,66,nmatveichev9x@usnews.com
359,Mathe,Soppett,BT8372838,308-68-9096,M,61,msoppett9y@intel.com
360,Marianne,Bohills,RI9655440,725-83-1434,F,68,mbohills9z@marriott.com
361,Dewie,Woodvine,JA9372649,885-85-5872,M,54,dwoodvinea0@hp.com
362,Allie,Clitheroe,IZ9354239,586-76-6139,F,62,aclitheroea1@cyberchimps.com
363,Clevie,Goodban,ER9892805,144-22-8896,M,47,cgoodbana2@loc.gov
364,Jeff,Leyninye,BN5811241,,M,12,jleyninyea3@adobe.com
365,Ilka,Horsley,NF4156230,620-94-6538,F,62,ihorsleya4@exblog.jp
366,Waylin,Rozycki,IO0783671,,M,46,wrozyckia5@reverbnation.com
367,Judd,Lofting,XP3866215,371-47-6637,M,61,jloftinga6@yale.edu
368,Jacklin,Itzkovici,XP4266847,867-39-6226,F,66,jitzkovicia7@ucla.edu
369,Artur,Parke,YT3487260,650-90-7720,M,64,aparkea8@photobucket.com
370,Quintana,Leete,VF0978129,484-15-1028,F,65,qleetea9@storify.com
371,Quinn,Jemmison,SR2705337,449-52-2503,M,48,qjemmisonaa@sourceforge.net
372,Nev,Fortnum,FC7446760,334-63-0536,M,55,nfortnumab@nsw.gov.au
373,Huberto,Kinsey,,,M,59,hkinseyac@state.gov
374,Teirtza,Franzotto,TF8625074,,F,44,tfranzottoad@addtoany.com
375,Niko,Prangley,VZ7666316,884-29-0387,M,33,nprangleyae@boston.com
376,Tamara,Fielders,PW5616944,405-34-9372,F,68,tfieldersaf@wsj.com
377,Evelyn,Winspeare,UL1675502,509-78-4248,M,66,ewinspeareag@mozilla.com
378,Ashleigh,Ottley,AQ9429111,,F,45,aottleyah@wordpress.org
379,Padriac,Hargreaves,YN7407753,,M,33,phargreavesai@hp.com
380,Marita,Guy,SC5340102,281-87-5345,F,61,mguyaj@ca.gov
381,Cybil,Malicki,,136-25-0331,F,69,cmalickiak@desdev.cn
382,Phillie,Nelm,BP9809375,793-18-4644,F,61,pnelmal@alibaba.com
383,Adey,Cheake,IB9873541,110-54-7730,F,51,acheakeam@sakura.ne.jp
384,Rollie,Benion,,746-25-3087,M,14,rbenionan@cdbaby.com
385,Ardenia,Warlaw,LX2473564,,F,53,awarlawao@smh.com.au
386,Hercule,Kesten,KW6423267,,M,67,hkestenap@newsvine.com
387,Skelly,Vannucci,,314-32-2895,M,67,svannucciaq@com.com
388,Ryun,Ervin,PX5129445,345-57-8130,M,64,rervinar@indiatimes.com
389,Reba,Maffeo,PX3604227,763-53-9818,F,59,rmaffeoas@fda.gov
390,Lorena,Castagneto,GO4143049,679-34-3345,F,22,lcastagnetoat@scientificamerican.com
391,Jameson,Crier,GE4271905,815-96-4101,M,60,jcrierau@umn.edu
392,Colline,Theyer,HP8031733,429-74-6426,F,55,ctheyerav@tumblr.com
393,Caril,Imlacke,PO4801533,326-07-7565,F,48,cimlackeaw@symantec.com
394,Linette,Jeromson,TF9770426,584-89-0007,F,68,ljeromsonax@arizona.edu
395,Roddie,Halford,UO3375529,897-66-3739,M,54,rhalforday@meetup.com
396,Edik,Guillart,,298-96-4766,M,63,eguillartaz@networksolutions.com
397,Marilin,Whisby,,332-98-3762,F,52,mwhisbyb0@time.com
398,Brad,Clewett,IS4947702,758-89-2867,M,64,bclewettb1@storify.com
399,Nady,Edgeller,,405-86-3092,F,57,nedgellerb2@ox.ac.uk
400,Raymund,McCosker,RP8719197,350-34-8231,M,65,rmccoskerb3@paypal.com
401,Susanetta,Cowp,UV5718657,776-79-9600,F,48,scowpb4@constantcontact.com
402,Paulo,Grima,,370-15-4553,M,53,pgrimab5@nps.gov
403,Madeleine,Kummerlowe,XB0947094,254-45-2447,F,39,mkummerloweb6@hp.com
404,Iggy,McMychem,JM5150085,641-31-6858,M,56,imcmychemb7@house.gov
405,Sheilah,Gaddes,,201-24-2495,F,65,sgaddesb8@kickstarter.com
406,Maxim,Downage,VZ4842023,862-42-1888,M,49,mdownageb9@woothemes.com
407,Raphaela,Welham,WY0583305,509-15-1911,F,69,rwelhamba@tumblr.com
408,Sheeree,Sleford,,,F,53,sslefordbb@amazon.com
409,Val,Missenden,,750-82-0029,M,64,vmissendenbc@webs.com
410,Katine,Silson,,178-23-6740,F,44,ksilsonbd@phoca.cz
411,Omero,Angood,XU3344610,204-99-8186,M,32,oangoodbe@vinaora.com
412,Woodie,Snassell,OK1464384,314-29-9228,M,65,wsnassellbf@amazon.co.jp
413,Bernete,Mergue,,379-87-0080,F,64,bmerguebg@friendfeed.com
414,Zeb,Bohey,ZI0806619,202-33-6106,M,60,zboheybh@japanpost.jp
415,Johnnie,Downing,,747-15-1248,M,69,jdowningbi@twitpic.com
416,Lenee,Van der Beek,WQ5799575,721-28-0067,F,67,lvanderbeekbj@prnewswire.com
417,Gloriana,Stickens,WR2097087,357-22-4936,F,61,gstickensbk@home.pl
418,Northrop,Maruszewski,SG3972814,,M,16,nmaruszewskibl@ow.ly
419,Sasha,Pineaux,JL7717357,509-31-4115,M,66,spineauxbm@geocities.jp
420,Lucas,Elgey,DK8759170,234-55-9980,M,55,lelgeybn@blog.com
421,Gary,Seeviour,,,M,59,gseeviourbo@bbc.co.uk
422,Percival,Corstan,XJ5182216,381-57-3465,M,66,pcorstanbp@angelfire.com
423,Raffarty,Orhtmann,,,M,56,rorhtmannbq@comsenz.com
424,Elisha,Shambroke,,768-69-3737,M,60,eshambrokebr@cpanel.net
425,Dewie,Farnan,TF4439228,535-83-2339,M,15,dfarnanbs@flavors.me
426,Gilberto,Duplan,EW8739243,437-25-6748,M,40,gduplanbt@paginegialle.it
427,Gerry,Fessby,,,M,42,gfessbybu@last.fm
428,Rik,Alsina,FX5782160,258-90-0728,M,64,ralsinabv@ucla.edu
429,Kissee,Woliter,AH1727472,132-68-8478,F,10,kwoliterbw@4shared.com
430,Pate,Fuente,ND6718114,,M,67,pfuentebx@altervista.org
431,Trula,Hamlin,GX1218767,854-37-4184,F,56,thamlinby@hatena.ne.jp
432,Sly,Gloves,ZT2752659,,M,53,sglovesbz@zimbio.com
433,Ulises,Kitchener,VO4157232,831-15-1494,M,57,ukitchenerc0@uiuc.edu
434,Roberto,Drei,DE4003806,347-40-6301,M,68,rdreic1@dailymail.co.uk
435,Melinde,Wordley,MH7773168,455-96-7257,F,69,mwordleyc2@ning.com
436,Dotty,Ladbrook,VZ4846997,674-73-5975,F,52,dladbrookc3@purevolume.com
437,Alister,Guiden,AL2912340,,M,56,aguidenc4@google.nl
438,Rozalie,Lillistone,,590-19-5895,F,60,rlillistonec5@weibo.com
439,Tallie,Kalderon,PG2840146,430-73-1827,M,46,tkalderonc6@mozilla.org
440,Cassey,Setterfield,UP1435414,,F,15,csetterfieldc7@businessweek.com
441,Wilie,Skirvin,NX7170235,543-39-0042,F,34,wskirvinc8@icio.us
442,Adolf,Terney,,768-09-1010,M,62,aterneyc9@cam.ac.uk
443,Kathrine,Halwell,OD0908272,654-60-8387,F,52,khalwellca@ibm.com
444,Barnard,Kubista,,384-81-8782,M,66,bkubistacb@opera.com
445,Vail,Porcher,IF4186834,357-02-8312,M,64,vporchercc@telegraph.co.uk
446,Conni,Titcumb,SB6104479,315-11-9089,F,61,ctitcumbcd@technorati.com
447,Dmitri,Dedmam,KN0335276,381-66-8593,M,50,ddedmamce@studiopress.com
448,Lorenzo,Bugler,TY0984205,872-70-3633,M,50,lbuglercf@canalblog.com
449,Almeta,Filchagin,AF5319652,538-83-1074,F,68,afilchagincg@hhs.gov
450,Teresa,Edes,,359-67-6344,F,68,tedesch@alexa.com
451,Sharla,Hull,AE7910459,442-94-3764,F,64,shullci@comcast.net
452,Daffy,Schwanden,,227-19-5240,F,61,dschwandencj@ftc.gov
453,Brennan,Simyson,,,M,62,bsimysonck@imageshack.us
454,Katuscha,Hugonnet,UT8350144,823-80-3812,F,65,khugonnetcl@cbslocal.com
455,Leonore,Coldrick,FR5296639,,F,67,lcoldrickcm@360.cn
456,Emlynn,Giroldi,KA6308768,,F,57,egiroldicn@oaic.gov.au
457,Tabitha,Al Hirsi,,197-72-9525,F,69,talhirsico@imgur.com
458,Jenifer,Presnall,YA8790610,102-72-1290,F,54,jpresnallcp@accuweather.com
459,Riki,Rosettini,,,F,57,rrosettinicq@netlog.com
460,Stanislaw,Lidbetter,IC9881661,840-59-7570,M,21,slidbettercr@twitpic.com
461,Shellie,Coventry,,,F,16,scoventrycs@xinhuanet.com
462,Elaine,Cordon,KN6966854,702-51-3904,F,51,ecordonct@go.com
463,Pamelina,Boundey,HN9188445,261-15-9446,F,51,pboundeycu@imageshack.us
464,Trescha,Sprade,DO9037047,711-67-8668,F,60,tspradecv@g.co
465,Jemie,Dilks,SP8214767,714-36-9153,F,56,jdilkscw@unesco.org
466,Winifield,McLaughlin,,295-93-6297,M,61,wmclaughlincx@1und1.de
467,Tomi,Joynson,ME7671973,712-81-6342,F,10,tjoynsoncy@mtv.com
468,Jarret,Caplis,,171-36-3759,M,67,jcapliscz@yale.edu
469,Christean,Carus,,406-43-0634,F,65,ccarusd0@home.pl
470,Sigismundo,Clemente,,,M,55,sclemented1@prnewswire.com
471,Ulric,Nutley,,158-84-4148,M,61,unutleyd2@naver.com
472,Cristi,Plak,BO0728297,757-41-4401,F,46,cplakd3@google.ru
473,Hubey,Jewell,XU0128290,,M,38,hjewelld4@tamu.edu
474,Tatiana,Alyonov,YB8261064,781-55-9357,F,65,talyonovd5@cbslocal.com
475,Augustine,Imeson,ZE3201110,205-69-1138,F,57,aimesond6@japanpost.jp
476,Bobbi,Dumphry,,585-16-9790,F,27,bdumphryd7@nps.gov
477,Jeramie,Blaydon,XS9755942,669-90-2954,M,60,jblaydond8@g.co
478,Urban,Le feaver,LZ6803063,864-18-6743,M,69,ulefeaverd9@telegraph.co.uk
479,Delinda,Braham,HJ2569371,404-26-2984,F,67,dbrahamda@latimes.com
480,Silvia,Luscott,ZD9147767,789-41-3253,F,54,sluscottdb@netscape.com
481,Miles,Olle,OC4070276,178-55-6617,M,62,molledc@angelfire.com
482,Teresa,Akitt,OB1428140,600-27-4590,F,56,takittdd@cdbaby.com
483,Miltie,Chasemoore,MZ7025000,193-88-8639,M,61,mchasemoorede@engadget.com
484,Bartram,Ranklin,,836-74-6172,M,60,branklindf@soup.io
485,Kendra,Going,RX6382620,509-90-6605,F,51,kgoingdg@latimes.com
486,Anastassia,Garrold,CI9814651,571-37-8634,F,67,agarrolddh@va.gov
487,Radcliffe,Lutwidge,AC6779181,,M,69,rlutwidgedi@uol.com.br
488,Austin,Steinhammer,UV6719745,225-54-1355,F,42,asteinhammerdj@livejournal.com
489,Robers,Abdon,VP1855066,690-34-4679,M,69,rabdondk@drupal.org
490,Shina,Syred,VK9584660,299-48-8614,F,58,ssyreddl@tripadvisor.com
491,Eleanora,Cavee,QV4048641,697-32-0062,F,67,ecaveedm@bandcamp.com
492,Bradly,Howen,,788-07-4764,M,43,bhowendn@slate.com
493,Noe,Whittle,,615-92-5346,M,51,nwhittledo@devhub.com
494,Kinna,Connechie,,,F,69,kconnechiedp@naver.com
495,Mufinella,Fishbourn,VA3720643,262-47-4792,F,62,mfishbourndq@msn.com
496,Ahmad,Gabbitus,RF5221013,,M,65,agabbitusdr@over-blog.com
497,Waiter,Tunuy,WY1381352,329-89-7938,M,51,wtunuyds@narod.ru
498,Kessia,Burchnall,,738-31-0758,F,35,kburchnalldt@amazon.co.jp
499,Bertram,Neill,JM2368778,438-35-0488,M,62,bneilldu@examiner.com
500,Ber,Matuszak,,517-38-9183,M,68,bmatuszakdv@tripadvisor.com
501,Feliza,Sudworth,,884-13-7054,F,60,fsudworthdw@archive.org
502,Bess,Goodwyn,SL7519382,,F,50,bgoodwyndx@studiopress.com
503,Normy,Moylan,QY4660039,409-91-3511,M,56,nmoylandy@salon.com
504,Sidonnie,Ranyelld,HS4641677,870-16-2356,F,49,sranyellddz@liveinternet.ru
505,Emmye,Odgaard,,603-28-9184,F,40,eodgaarde0@mysql.com
506,Morley,McGurk,CG5458915,646-26-0472,M,37,mmcgurke1@scribd.com
507,Kaylyn,Massinger,,700-63-2778,F,34,kmassingere2@dailymail.co.uk
508,Arman,Suggey,,,M,52,asuggeye3@is.gd
509,Kimberley,Barringer,YS7262143,270-06-1011,F,67,kbarringere4@merriam-webster.com
510,Sigismund,Hampshaw,,516-73-3805,M,64,shampshawe5@twitter.com
511,Mead,Rye,,615-84-4290,F,67,mryee6@mtv.com
512,Eugenie,Ribbon,SU2965024,,F,58,eribbone7@chicagotribune.com
513,Pyotr,Croyden,ZC6693417,,M,52,pcroydene8@latimes.com
514,Tammara,Plumridege,,888-37-9282,F,49,tplumridegee9@dyndns.org
515,Thomasin,Savory,,140-39-3669,F,40,tsavoryea@github.com
516,Wheeler,Biddulph,,227-24-5485,M,68,wbiddulpheb@clickbank.net
517,Lyon,Tchir,QP5378496,291-02-8399,M,63,ltchirec@opera.com
518,Lonnie,Falconbridge,AJ0073732,,M,41,lfalconbridgeed@squidoo.com
519,Jobyna,Pyvis,AV6949424,550-66-8881,F,57,jpyvisee@google.cn
520,Tamarra,McGavin,EO3956422,,F,67,tmcgavinef@independent.co.uk
521,Ainslie,McIlwraith,IG8632231,774-35-1678,F,17,amcilwraitheg@europa.eu
522,Midge,Ruggs,,203-42-8922,F,34,mruggseh@dyndns.org
523,Lutero,Phillot,FR8991007,171-74-4465,M,69,lphillotei@ifeng.com
524,Grethel,Pryn,FM0959448,844-20-5366,F,55,gprynej@phoca.cz
525,Ash,Leicester,KB8873729,,M,58,aleicesterek@moonfruit.com
526,Zulema,Westover,TN5493297,637-55-7424,F,41,zwestoverel@census.gov
527,Elsinore,Danilin,LV5867889,,F,55,edanilinem@livejournal.com
528,Rickey,Gusney,IM1845513,388-43-5467,M,17,rgusneyen@paginegialle.it
529,Washington,Santhouse,HL1120878,700-26-5751,M,64,wsanthouseeo@naver.com
530,Helga,Lucken,,661-87-7331,F,36,hluckenep@printfriendly.com
531,Pieter,Barrar,,213-43-8639,M,68,pbarrareq@google.com
532,Crissy,Le Grys,JQ3459648,,F,55,clegryser@wikia.com
533,Torrey,Langrish,WL8834207,679-46-5290,M,69,tlangrishes@homestead.com
534,Jessy,Winley,PS9478349,,F,41,jwinleyet@github.com
535,Lorne,Bewshaw,PN9061238,492-02-0322,F,64,lbewshaweu@nytimes.com
536,Pippo,Greir,LG5862893,266-44-7463,M,67,pgreirev@google.de
537,Gil,Gilmartin,ZW2251090,537-32-6416,M,64,ggilmartinew@zdnet.com
538,Norma,Canner,ER3797755,230-97-5153,F,62,ncannerex@artisteer.com
539,Iver,Florez,,456-77-5577,M,60,iflorezey@hc360.com
540,Gilda,Stroud,DI9588209,473-60-5705,F,67,gstroudez@vinaora.com
541,Lance,Arthy,,502-80-2385,M,50,larthyf0@admin.ch
542,Gleda,Azemar,JX7653465,757-27-3374,F,56,gazemarf1@trellian.com
543,Murdoch,Korlat,SK6685993,,M,66,mkorlatf2@netlog.com
544,Noell,Clousley,,746-40-1057,F,41,nclousleyf3@mit.edu
545,Currey,Rhoades,,351-95-4363,M,42,crhoadesf4@reference.com
546,Patricio,Mosconi,RN5959354,385-71-6823,M,64,pmosconif5@xing.com
547,Layton,Dightham,YX4042347,,M,47,ldighthamf6@senate.gov
548,Mel,Dymond,BE4637289,,F,69,mdymondf7@spiegel.de
549,Tuesday,O'Cullinane,AZ8482033,349-34-3454,F,61,tocullinanef8@ebay.com
550,Sabine,Bottomer,IQ2701801,778-95-5485,F,16,sbottomerf9@pbs.org
551,Obadias,Scathard,WK9935651,736-01-3100,M,69,oscathardfa@eepurl.com
552,Arthur,Krammer,GM8279290,771-31-8930,M,37,akrammerfb@ftc.gov
553,Padriac,Boulsher,MN5702425,117-60-1137,M,47,pboulsherfc@dedecms.com
554,Zenia,Ayrton,,308-47-3837,F,34,zayrtonfd@hexun.com
555,Waverley,O'Devey,,137-52-0171,M,61,wodeveyfe@cam.ac.uk
556,Roger,Kearns,,447-10-4350,M,57,rkearnsff@cocolog-nifty.com
557,Daniela,Henmarsh,BQ2297663,576-58-7507,F,65,dhenmarshfg@shutterfly.com
558,Ainslie,M'cowis,,339-51-0084,F,68,amcowisfh@ehow.com
559,Lamar,Tomasi,GO5010581,158-34-1327,M,60,ltomasifi@rakuten.co.jp
560,Josy,Cunningham,ND2416745,461-81-8633,F,16,jcunninghamfj@github.io
561,Astrid,De Lacey,BM9555543,632-95-6822,F,67,adelaceyfk@photobucket.com
562,Crystie,Dudny,FP9447122,755-50-5247,F,57,cdudnyfl@nyu.edu
563,Hagen,Sperrett,FW9194974,303-85-4324,M,64,hsperrettfm@creativecommons.org
564,Berkeley,Hartles,WO6728684,896-55-8747,M,50,bhartlesfn@twitter.com
565,Rennie,Frewer,,634-88-4457,F,64,rfrewerfo@i2i.jp
566,Morgana,Humbert,,,F,61,mhumbertfp@webeden.co.uk
567,Martynne,Jamot,FB7483931,107-59-0162,F,55,mjamotfq@samsung.com
568,Aguistin,Tillyer,YE3054115,,M,49,atillyerfr@plala.or.jp
569,Ariadne,McClintock,DX0770589,,F,62,amcclintockfs@storify.com
570,Leanna,Wickrath,,241-69-9720,F,61,lwickrathft@china.com.cn
571,Gabriella,Danhel,EM3548163,304-44-5817,F,49,gdanhelfu@paypal.com
572,Charisse,Hayer,,739-84-1616,F,41,chayerfv@slideshare.net
573,Eugenia,Malpass,LG5869341,884-98-1950,F,21,emalpassfw@newsvine.com
574,Betteanne,Hylton,,124-81-8418,F,45,bhyltonfx@bing.com
575,Neille,Sonnenschein,OH7014259,,F,57,nsonnenscheinfy@addtoany.com
576,Rheba,Perham,NT1066971,395-88-2712,F,64,rperhamfz@reuters.com
577,Paddie,Bloomer,JH5859212,354-99-5522,M,69,pbloomerg0@gravatar.com
578,Viki,Moral,SM9858576,361-98-9186,F,62,vmoralg1@friendfeed.com
579,Sander,Trever,HD6885467,793-42-9194,M,51,streverg2@wp.com
580,Jammal,Bowick,,459-78-0173,M,60,jbowickg3@chron.com
581,Deedee,de Quesne,XT0857155,809-52-7831,F,64,ddequesneg4@example.com
582,Margi,Zoellner,,270-39-0924,F,43,mzoellnerg5@fastcompany.com
583,Curcio,Crouch,IF5496539,496-25-4601,M,63,ccrouchg6@reddit.com
584,Clement,Balwin,ET0988478,327-90-3690,M,60,cbalwing7@exblog.jp
585,Jolee,Crutchley,UK9234404,511-07-5828,F,69,jcrutchleyg8@gizmodo.com
586,Loraine,Tuohy,,,F,48,ltuohyg9@angelfire.com
587,Jud,Braunle,YL1536251,371-96-5867,M,16,jbraunlega@github.io
588,Karie,Lerwill,HR3260231,598-08-8860,F,49,klerwillgb@spiegel.de
589,Parke,Leyzell,,839-69-0420,M,61,pleyzellgc@topsy.com
590,Minda,Tedman,RT7716580,727-12-7299,F,62,mtedmangd@archive.org
591,Derk,Matton,LA4916054,,M,61,dmattonge@earthlink.net
592,Hyatt,MacRorie,CJ7689862,708-59-2371,M,50,hmacroriegf@usda.gov
593,Gamaliel,Gothup,SK1846478,559-01-6586,M,40,ggothupgg@hatena.ne.jp
594,Valera,Uphill,IF5867188,134-62-8051,F,67,vuphillgh@wsj.com
595,Denney,Kitchenham,,,M,61,dkitchenhamgi@yahoo.co.jp
596,Jacklin,Fearn,QM9862335,,F,47,jfearngj@discuz.net
597,Tymon,Spieck,FU7756906,776-88-5763,M,60,tspieckgk@google.fr
598,Gnni,Rawdales,,662-36-9861,F,35,grawdalesgl@yahoo.com
599,Heinrick,Pietesch,,646-87-0708,M,57,hpieteschgm@xinhuanet.com
600,Lucy,Ferryn,,,F,67,lferryngn@hatena.ne.jp
