user_id,fname,lname,email,username,password,street_address,phone_number,city,province,country,zipcode
1,Malissia,Nusche,mnusche0@etsy.com,mnusche0,4B38wP5,7797 Lakewood Lane,619-488-5677,San Diego,California,United States,95039
2,Dode,Crump,dcrump1@chronoengine.com,dcrump1,5QxnQGHT,4387 Cambridge Drive,972-994-1226,Dallas,Texas,United States,89706
3,Carly,Straw,cstraw2@hostgator.com,cstraw2,3F4zquT4Lcj,91 Caliangt Trail,845-897-5791,White Plains,New York,United States,88009
4,Broddie,Hedley,bhedley3@google.it,bhedley3,Y0mG5sR,3 Beilfuss Pass,702-362-5299,Henderson,Nevada,United States,78906
5,Patric,Scarisbrick,pscarisbrick4@oracle.com,pscarisbrick4,3U3Ead2W,7229 Chinook Alley,405-303-2214,Oklahoma City,Oklahoma,United States,96278
6,Nevil,Maylott,nmaylott5@goo.ne.jp,nmaylott5,uDF61p,14447 Harbort Street,412-297-1628,Pittsburgh,Pennsylvania,United States,96661
7,Bradly,Skellen,bskellen6@liveinternet.ru,bskellen6,vTpKui,4059 Pearson Court,813-368-0472,Tampa,Florida,United States,85030
8,Neale,Minget,nminget7@chronoengine.com,nminget7,Iw4muynV,4381 Blackbird Street,202-513-1822,Washington,District of Columbia,United States,90629
9,Grady,Ary,gary8@google.nl,gary8,irnZrC,11 Shoshone Road,847-891-0010,Palatine,Illinois,United States,77908
10,Kevon,Tunny,ktunny9@imgur.com,ktunny9,dMPZWY,236 Artisan Center,319-919-5555,Cedar Rapids,Iowa,United States,92696
11,Wendall,Giroldi,wgiroldia@senate.gov,wgiroldia,IDLL2pcl,590 Mendota Circle,614-171-1672,Columbus,Ohio,United States,86859
12,Laurens,Agdahl,lagdahlb@ovh.net,lagdahlb,KDXfebW,9586 Pepper Wood Alley,267-947-7087,Philadelphia,Pennsylvania,United States,76313
13,Janene,Gherarducci,jgherarduccic@unc.edu,jgherarduccic,dTBAp0zne,002 Mariners Cove Crossing,772-644-7516,Fort Pierce,Florida,United States,92075
14,Eugine,Brabban,ebrabband@sfgate.com,ebrabband,fa2edb6wA,984 Iowa Lane,562-274-6818,San Francisco,California,United States,96876
15,Jeanne,Tiptaft,jtiptafte@instagram.com,jtiptafte,DfDAGJ,75886 Toban Street,702-510-2538,Las Vegas,Nevada,United States,93532
16,Arline,Ludewig,aludewigf@about.com,aludewigf,bbxEtfV,75 Crownhardt Hill,814-210-2004,Erie,Pennsylvania,United States,74949
17,Tirrell,Bezzant,tbezzantg@scientificamerican.com,tbezzantg,CqdPdPP6hb,3 Continental Lane,253-388-6982,Tacoma,Washington,United States,84809
18,Nada,Hunnam,nhunnamh@craigslist.org,nhunnamh,LoakvE,19835 Butternut Street,713-637-5028,Houston,Texas,United States,64022
19,Cami,Poynser,cpoynseri@tumblr.com,cpoynseri,uIH39bqGytq,99649 Boyd Drive,559-154-3141,Fresno,California,United States,99243
20,Dorice,Rapper,drapperj@clickbank.net,drapperj,3bHLkZ60AQCl,955 Vermont Way,540-407-2315,Roanoke,Virginia,United States,95120
21,Hadria,Mulliner,hmullinerk@ftc.gov,hmullinerk,oqnK5qz7cP,809 Service Park,661-619-4558,Bakersfield,California,United States,86989
22,Agata,di Rocca,adiroccal@yolasite.com,adiroccal,OCwJPynX,7 Colorado Junction,510-236-2081,Oakland,California,United States,91511
23,Ginelle,Borthe,gborthem@i2i.jp,gborthem,XCGOU1,9 Maywood Point,504-692-5410,Metairie,Louisiana,United States,88007
24,Nevins,Hamlington,nhamlingtonn@cargocollective.com,nhamlingtonn,05QlDKV,49 Stang Terrace,208-886-7329,Boise,Idaho,United States,67128
25,Val,Perrycost,vperrycosto@digg.com,vperrycosto,22jE2TQ,15564 Bluestem Street,305-590-9862,Miami,Florida,United States,93074
26,Barthel,Soro,bsorop@google.co.jp,bsorop,ubNA3D8cY,70 Macpherson Road,248-481-7582,Farmington,Michigan,United States,84000
27,Caria,McGarvey,cmcgarveyq@apple.com,cmcgarveyq,IhMaA6BQ9k9y,2664 Luster Junction,478-179-8093,Macon,Georgia,United States,90291
28,Vania,Padbury,vpadburyr@columbia.edu,vpadburyr,ojph7ge,41 Jenifer Parkway,860-920-1592,Hartford,Connecticut,United States,63961
29,Barbabas,Gasticke,bgastickes@stanford.edu,bgastickes,99BpJkMT,98 Leroy Court,501-648-6586,Little Rock,Arkansas,United States,94857
30,Augustine,Hillam,ahillamt@trellian.com,ahillamt,ihIARBFt9,52 Sherman Parkway,763-552-7335,Monticello,Minnesota,United States,87653
31,Stan,Gudgin,sgudginu@people.com.cn,sgudginu,zfynEtBDl,52562 Evergreen Trail,860-731-5192,Hartford,Connecticut,United States,92061
32,Chelsy,Thrush,cthrushv@nymag.com,cthrushv,886ito9rL,1 Colorado Avenue,207-445-8704,Portland,Maine,United States,99586
33,Doro,Pabelik,dpabelikw@usa.gov,dpabelikw,7Qjj1o4keQ,4074 Nova Alley,513-633-8747,Cincinnati,Ohio,United States,98125
34,Erwin,Readman,ereadmanx@cdc.gov,ereadmanx,G34R2UP,4538 Huxley Trail,917-901-8436,New York City,New York,United States,74362
35,Rhodie,MacVicar,rmacvicary@army.mil,rmacvicary,k4OVwMie,0856 Killdeer Center,702-594-9880,Las Vegas,Nevada,United States,95015
36,Liv,Hanselmann,lhanselmannz@squarespace.com,lhanselmannz,gKDzx5,957 Katie Center,202-589-8018,Washington,District of Columbia,United States,94901
37,Penn,Whines,pwhines10@paginegialle.it,pwhines10,iqpvO9Ihim,56533 Vahlen Drive,434-744-2297,Manassas,Virginia,United States,82843
38,Cathrine,Ridges,cridges11@i2i.jp,cridges11,V8359IVNP6cz,56 Trailsway Terrace,828-144-0286,Asheville,North Carolina,United States,98027
39,Dee dee,Guerola,dguerola12@reddit.com,dguerola12,3aQ3gek,28 Leroy Plaza,917-892-9250,Brooklyn,New York,United States,86472
40,Del,Corrin,dcorrin13@instagram.com,dcorrin13,gfkylzg,0 Sherman Pass,210-197-6835,San Antonio,Texas,United States,89018
41,Raymund,Chopy,rchopy14@princeton.edu,rchopy14,hDCAnhVoS,82714 Novick Road,484-572-5379,Valley Forge,Pennsylvania,United States,56139
42,Kylen,Pea,kpea15@moonfruit.com,kpea15,Rrt2XWuT9,97073 Algoma Park,913-871-7368,Shawnee Mission,Kansas,United States,96227
43,Gian,Newtown,gnewtown16@hud.gov,gnewtown16,WvK09C,1 Florence Way,417-316-5248,Springfield,Missouri,United States,84303
44,Sigismund,Adshead,sadshead17@example.com,sadshead17,qucZdPgxfHDB,1 Scofield Park,202-922-1031,Washington,District of Columbia,United States,90964
45,Mable,Wakefield,mwakefield18@chron.com,mwakefield18,9a2gPBcjGB,8 6th Trail,571-849-4006,Springfield,Virginia,United States,70332
46,Davon,Sheather,dsheather19@arizona.edu,dsheather19,CQIBnj2I1DZ,6 Helena Junction,602-694-0100,Phoenix,Arizona,United States,61922
47,Charisse,Hurdedge,churdedge1a@mozilla.org,churdedge1a,ACT4tWWo0hc,50 Mayer Point,513-578-6227,Cincinnati,Ohio,United States,85700
48,Olivette,Gurko,ogurko1b@psu.edu,ogurko1b,Oov2JYikCzb,482 Dawn Alley,608-672-9685,Madison,Wisconsin,United States,82148
49,Timmie,Vanyard,tvanyard1c@go.com,tvanyard1c,o68Neu,85 Springview Terrace,215-360-1709,Philadelphia,Pennsylvania,United States,80856
50,Rebbecca,Maplesden,rmaplesden1d@wp.com,rmaplesden1d,Ch4BhCQ,86951 Moland Pass,602-191-2920,Phoenix,Arizona,United States,73703
51,Merrick,Gawthorpe,mgawthorpe1e@mlb.com,mgawthorpe1e,lk0oDGh,58832 Mandrake Drive,805-935-4866,Ventura,California,United States,44463
52,Jocelyne,Tern,jtern1f@4shared.com,jtern1f,WV8fcjldo,19665 Duke Way,316-636-1883,Wichita,Kansas,United States,97923
53,Pietra,Atter,patter1g@youku.com,patter1g,OQQ2PiwIT3QZ,3312 Oriole Crossing,563-227-4042,Davenport,Iowa,United States,92555
54,Robinia,Mangeot,rmangeot1h@bizjournals.com,rmangeot1h,tus4XdQd3A,80325 Roth Alley,512-343-9019,Austin,Texas,United States,96959
55,Astrix,Courteney,acourteney1i@kickstarter.com,acourteney1i,J6BUfOzE8xDV,6329 Rutledge Alley,352-873-4813,Brooksville,Florida,United States,65350
56,Fidole,Myall,fmyall1j@slashdot.org,fmyall1j,J51iZlXn,2 Kim Trail,646-111-6255,New York City,New York,United States,91231
57,Erinn,Martill,emartill1k@rakuten.co.jp,emartill1k,J5ZwGj6iSkx,04 Farmco Parkway,814-579-0586,Erie,Pennsylvania,United States,95276
58,Corby,Clelle,cclelle1l@oakley.com,cclelle1l,ASqLOFT,61 Lukken Road,801-830-6629,Salt Lake City,Utah,United States,70367
59,Vera,Yaknov,vyaknov1m@dedecms.com,vyaknov1m,vKKcpdZr,808 Montana Road,727-671-8624,Clearwater,Florida,United States,70182
60,Isadore,Lerer,ilerer1n@bravesites.com,ilerer1n,I0qpca,5980 Westerfield Plaza,254-609-0523,Waco,Texas,United States,86676
61,Charley,Robak,crobak1o@taobao.com,crobak1o,CqqxVFUN,8298 Glendale Parkway,404-567-0169,Atlanta,Georgia,United States,96639
62,Cass,Quan,cquan1p@indiatimes.com,cquan1p,MddDPrP,73174 Lukken Junction,518-715-0732,Albany,New York,United States,81555
63,Jorey,Ambage,jambage1q@joomla.org,jambage1q,nTHJJeLYC,654 Saint Paul Point,615-684-6764,Nashville,Tennessee,United States,95591
64,Imelda,Petrazzi,ipetrazzi1r@state.gov,ipetrazzi1r,VNzZ24xiF5,9753 Novick Junction,704-329-3069,Charlotte,North Carolina,United States,88769
65,Sally,Gherardi,sgherardi1s@engadget.com,sgherardi1s,olJjuv,75195 Gulseth Center,682-441-0119,Fort Worth,Texas,United States,71829
66,Salomi,Sisse,ssisse1t@loc.gov,ssisse1t,SFLo90kPZJI,48252 Cody Plaza,941-795-9267,Naples,Florida,United States,72038
67,Carin,Andrioni,candrioni1u@archive.org,candrioni1u,Sd3LpyEISb,39843 Lerdahl Lane,843-139-8519,Charleston,South Carolina,United States,81227
68,Daphne,Lumox,dlumox1v@homestead.com,dlumox1v,izfuSWO,1512 Sunfield Terrace,505-486-8968,Albuquerque,New Mexico,United States,56577
69,Luelle,Joynes,ljoynes1w@vk.com,ljoynes1w,V1YzS1KIkOfu,85982 Walton Trail,614-338-5896,Columbus,Ohio,United States,96986
70,Kathlin,Risbie,krisbie1x@gizmodo.com,krisbie1x,KRHgBwDR1C,2 Fair Oaks Park,302-401-5874,Wilmington,Delaware,United States,73958
71,Bab,Argent,bargent1y@de.vu,bargent1y,Ap3atN,9732 Meadow Ridge Drive,301-278-8091,Bethesda,Maryland,United States,84381
72,Roy,McMeeking,rmcmeeking1z@accuweather.com,rmcmeeking1z,FCeB0gO,4 Reinke Parkway,941-976-5963,Sarasota,Florida,United States,83161
73,Linn,McEntee,lmcentee20@who.int,lmcentee20,ZcOAKU,26238 Manitowish Junction,205-822-9184,Tuscaloosa,Alabama,United States,84367
74,Staford,Streeter,sstreeter21@newsvine.com,sstreeter21,BSn4DaWOo6Z,411 Longview Point,801-811-5101,Salt Lake City,Utah,United States,50587
75,Allix,Marsters,amarsters22@woothemes.com,amarsters22,be7Nb22T1Mm,32187 Golden Leaf Center,972-807-8334,Irving,Texas,United States,76876
76,Patrizius,Haime,phaime23@wufoo.com,phaime23,0wxC46xfE,368 Golf Way,503-509-0077,Salem,Oregon,United States,73278
77,Dela,Ennor,dennor24@blogger.com,dennor24,HImNOLF1iHDh,2 Mesta Park,205-959-1645,Birmingham,Alabama,United States,82471
78,Vannie,Avramov,vavramov25@jalbum.net,vavramov25,lUd8Alo6mG9,45 Packers Place,225-930-4661,Baton Rouge,Louisiana,United States,87547
79,Zulema,Osban,zosban26@mapquest.com,zosban26,smcCcXLzw,254 Canary Junction,334-445-6874,Montgomery,Alabama,United States,95821
80,Bonita,Redier,bredier27@nationalgeographic.com,bredier27,Zifi4HIvIMRV,8420 Lyons Avenue,305-462-1979,Boca Raton,Florida,United States,67816
81,Jarrett,Skamell,jskamell28@ox.ac.uk,jskamell28,tknXnbgmrK,00644 Loftsgordon Road,585-543-5734,Rochester,New York,United States,90937
82,Red,Gallyhaock,rgallyhaock29@soup.io,rgallyhaock29,dLndDYn,18 Onsgard Parkway,217-525-5213,Springfield,Illinois,United States,85378
83,Martin,Crus,mcrus2a@blogs.com,mcrus2a,SPIcYF14VJab,2994 Mariners Cove Parkway,316-689-4467,Wichita,Kansas,United States,86591
84,Marjy,Fyndon,mfyndon2b@google.nl,mfyndon2b,Si5aM4k,50 La Follette Road,314-386-0107,Saint Louis,Missouri,United States,95851
85,Greer,Leband,gleband2c@diigo.com,gleband2c,dkV1riL7De,29 Golf Court,760-859-4298,Huntington Beach,California,United States,97771
86,Coraline,Issac,cissac2d@gov.uk,cissac2d,SnBLsvlaWo,2 Victoria Junction,502-240-8140,Louisville,Kentucky,United States,95328
87,Sterne,Shirrell,sshirrell2e@theglobeandmail.com,sshirrell2e,fNe7kQ3rYE,0 Fisk Park,972-639-7780,Irving,Texas,United States,85032
88,Bertine,Cowlishaw,bcowlishaw2f@ucsd.edu,bcowlishaw2f,4y1isMb,87 Delladonna Terrace,530-450-7769,Chico,California,United States,79182
89,Germayne,Buddleigh,gbuddleigh2g@alibaba.com,gbuddleigh2g,rHJDVV,3 Vermont Place,601-494-2047,Jackson,Mississippi,United States,84622
90,Peggie,Spinola,pspinola2h@yahoo.co.jp,pspinola2h,oFGso2AVTE,5030 Burrows Point,229-848-5948,Albany,Georgia,United States,80834
91,Xena,Kruschov,xkruschov2i@a8.net,xkruschov2i,n5dJhhPlFOpt,9 Bunker Hill Trail,319-578-6122,Waterloo,Iowa,United States,82707
92,Reuben,Starkings,rstarkings2j@smh.com.au,rstarkings2j,Pr8ax86Z3,85 Gateway Park,919-473-5663,Raleigh,North Carolina,United States,94232
93,Adda,Kose,akose2k@theguardian.com,akose2k,Xf2DiPlYUa,6738 Loeprich Avenue,254-259-9472,Waco,Texas,United States,92945
94,Ryley,Britee,rbritee2l@thetimes.co.uk,rbritee2l,SOXnG7,406 Reinke Park,717-554-0195,Harrisburg,Pennsylvania,United States,92122
95,Zaneta,Scardafield,zscardafield2m@issuu.com,zscardafield2m,GVpVsk2,1710 Eggendart Parkway,904-224-0692,Jacksonville,Florida,United States,85563
96,Rouvin,McWilliam,rmcwilliam2n@cocolog-nifty.com,rmcwilliam2n,qt8ViFO2a,4324 Manley Circle,734-268-8018,Ann Arbor,Michigan,United States,74948
97,Filide,Thorn,fthorn2o@gizmodo.com,fthorn2o,7CodEtTEAI6,5 Vahlen Court,432-837-5838,Odessa,Texas,United States,79504
98,Cord,Baack,cbaack2p@bigcartel.com,cbaack2p,5cI8mnjTw,88199 Reinke Place,619-929-6775,San Diego,California,United States,81225
99,Kenn,Inott,kinott2q@quantcast.com,kinott2q,RLrXvCk9L0J,732 Lawn Drive,310-393-7037,Santa Monica,California,United States,76397
100,Dodi,Morrow,dmorrow2r@dmoz.org,dmorrow2r,W8ZLLwitZ,7 Hagan Terrace,909-285-5183,San Bernardino,California,United States,89673
101,Nickolaus,Bener,nbener2s@irs.gov,nbener2s,TiCXLFZst,948 Lakewood Park,650-181-3674,San Francisco,California,United States,88254
102,Joni,Egell,jegell2t@myspace.com,jegell2t,WX039Nkk,371 Barnett Street,502-481-4095,Louisville,Kentucky,United States,88015
103,Shaylah,Randle,srandle2u@macromedia.com,srandle2u,CeLandao,86824 Bayside Way,803-693-1185,Columbia,South Carolina,United States,72828
104,Sadella,Swindin,sswindin2v@amazon.com,sswindin2v,3hOMC5eldblt,97985 Anhalt Way,304-191-9246,Charleston,West Virginia,United States,97607
105,Kennith,MacDwyer,kmacdwyer2w@discuz.net,kmacdwyer2w,6IkcNR6YEaQR,628 Bonner Drive,206-965-0538,Seattle,Washington,United States,83955
106,Horatia,Luthwood,hluthwood2x@cpanel.net,hluthwood2x,g6iKKB8Uhpt,94322 Acker Drive,682-737-9084,Fort Worth,Texas,United States,90624
107,Carmine,Parr,cparr2y@youku.com,cparr2y,IQCGuHpCYTc,130 Beilfuss Road,865-222-3251,Knoxville,Tennessee,United States,82901
108,Laurene,MacDermott,lmacdermott2z@163.com,lmacdermott2z,2GJpvb,2765 Sachs Junction,727-179-8952,Clearwater,Florida,United States,94798
109,Hadria,Clutterham,hclutterham30@storify.com,hclutterham30,4nXFtT5P,36 Old Gate Hill,815-756-0900,Rockford,Illinois,United States,87426
110,Arlan,Martignoni,amartignoni31@oakley.com,amartignoni31,V1tWd2UXfi0,3 Burning Wood Avenue,206-774-3741,Bellevue,Washington,United States,94662
111,Benjamin,Dorsey,bdorsey32@pbs.org,bdorsey32,3m8DOjc,4231 Debra Hill,314-116-9821,Saint Louis,Missouri,United States,95499
112,Belicia,Tant,btant33@fema.gov,btant33,4Q6vcs0Q8hk,057 Pine View Road,208-117-0410,Boise,Idaho,United States,94048
113,Stavro,Webber,swebber34@jigsy.com,swebber34,sazeuNQ6L,08999 Walton Road,571-472-1946,Alexandria,Virginia,United States,88260
114,Beilul,Elsie,belsie35@xrea.com,belsie35,vo9lmlCugm3,5387 Golf View Place,216-680-9465,Cleveland,Ohio,United States,80044
115,Lucinda,Winteringham,lwinteringham36@va.gov,lwinteringham36,uoTmH5Mw,5 Blue Bill Park Plaza,305-513-9656,Miami,Florida,United States,95497
116,Claudelle,Fairpool,cfairpool37@nbcnews.com,cfairpool37,4DMcbsXGm2,8448 Hermina Drive,517-670-6944,Lansing,Michigan,United States,90770
117,Reinhard,Old,rold38@youtube.com,rold38,FEbarS489,49456 Nobel Hill,413-943-3365,Springfield,Massachusetts,United States,88493
118,Patsy,Ullyatt,pullyatt39@pinterest.com,pullyatt39,DJduedvRmY,87 Delaware Crossing,570-577-1105,Wilkes Barre,Pennsylvania,United States,81060
119,Cesare,Comberbeach,ccomberbeach3a@hatena.ne.jp,ccomberbeach3a,eNaEw77eECt5,49259 Forest Hill,214-439-7598,Denton,Texas,United States,58261
120,Frederica,Wivell,fwivell3b@rediff.com,fwivell3b,nG59pkX1pGd1,57 Shoshone Plaza,907-497-7113,Fairbanks,Alaska,United States,67463
121,Cathleen,Hay,chay3c@blog.com,chay3c,iXwGH8BJFq33,17 Magdeline Terrace,916-398-9445,Sacramento,California,United States,71481
122,Che,Braycotton,cbraycotton3d@1und1.de,cbraycotton3d,2hXmBQX59RSG,6425 Summit Parkway,941-491-1782,Bradenton,Florida,United States,93133
123,Felix,Piddock,fpiddock3e@google.co.uk,fpiddock3e,elqerDeU9j,359 Sugar Terrace,816-975-7549,Kansas City,Missouri,United States,88708
124,Caty,Fellgate,cfellgate3f@qq.com,cfellgate3f,Lb5UoZO,622 Milwaukee Alley,801-883-3244,Salt Lake City,Utah,United States,97243
125,Siouxie,Cornbill,scornbill3g@reverbnation.com,scornbill3g,OfY2pcQKkM,446 Roth Place,615-478-2021,Memphis,Tennessee,United States,95653
126,Tyson,McGettigan,tmcgettigan3h@feedburner.com,tmcgettigan3h,qEW25Gi6Sj,6 Loftsgordon Terrace,954-501-4414,Boca Raton,Florida,United States,98193
127,Sheelah,Ruffles,sruffles3i@twitter.com,sruffles3i,GMVMEK,970 Fairfield Point,330-856-5166,Youngstown,Ohio,United States,92946
128,Wallie,Battison,wbattison3j@bigcartel.com,wbattison3j,oS0V7YQU,68 Moulton Lane,515-404-9406,Des Moines,Iowa,United States,76502
129,Marietta,Megahey,mmegahey3k@indiatimes.com,mmegahey3k,tvMr6PR,67 Everett Hill,518-567-4652,Albany,New York,United States,93047
130,Athena,Loidl,aloidl3l@timesonline.co.uk,aloidl3l,kwAMtutiLg,811 Lotheville Drive,303-126-5701,Denver,Colorado,United States,94054
131,Brenden,Lecky,blecky3m@patch.com,blecky3m,6VIkkMGKYqV,7575 Jackson Terrace,904-840-3613,Jacksonville,Florida,United States,96085
132,Roy,Gorcke,rgorcke3n@paypal.com,rgorcke3n,Z3RsxwVxOx,0 Hanson Alley,972-582-0469,Denton,Texas,United States,74389
133,Lief,Hastewell,lhastewell3o@ameblo.jp,lhastewell3o,xlkx7vNM,91 Vahlen Way,601-436-2678,Jackson,Mississippi,United States,97474
134,Tirrell,Zmitruk,tzmitruk3p@discovery.com,tzmitruk3p,gTvaAO,9779 Nelson Terrace,907-631-0653,Fairbanks,Alaska,United States,78603
135,Saundra,MacQuaker,smacquaker3q@creativecommons.org,smacquaker3q,xaRdKQcYl4,85385 Hagan Trail,806-520-3388,Lubbock,Texas,United States,95720
136,Janeen,Whopples,jwhopples3r@clickbank.net,jwhopples3r,3SZQnwjKp4,603 Merchant Junction,229-938-9650,Albany,Georgia,United States,97412
137,Octavia,Mellem,omellem3s@archive.org,omellem3s,KluvFEnsU7tC,7205 Melvin Park,816-777-0811,Shawnee Mission,Kansas,United States,71591
138,Elly,Kroin,ekroin3t@google.ru,ekroin3t,qKoOJVQ,5390 Darwin Road,318-405-6404,Shreveport,Louisiana,United States,97882
139,Ted,Pottes,tpottes3u@mtv.com,tpottes3u,Oq2gxk8,72 Atwood Circle,515-227-0237,Des Moines,Iowa,United States,90665
140,Catlin,Dugan,cdugan3v@wikia.com,cdugan3v,hXk7If5k,434 Maryland Parkway,415-927-3337,Oakland,California,United States,95029
141,Felice,Pleasaunce,fpleasaunce3w@oracle.com,fpleasaunce3w,UpItw08Gi64s,62156 Mallory Point,404-452-0600,Norcross,Georgia,United States,92010
142,Sheppard,Keelin,skeelin3x@vkontakte.ru,skeelin3x,iCyM2DUqW,9 Mesta Parkway,713-278-9158,Houston,Texas,United States,99226
143,Jeremiah,Gillopp,jgillopp3y@freewebs.com,jgillopp3y,MVVAAfVEp5,3 Mcguire Lane,916-679-7710,Sacramento,California,United States,83766
144,Ursulina,Adame,uadame3z@hhs.gov,uadame3z,nRdqMXYU,24894 Eagan Road,816-279-0830,Kansas City,Missouri,United States,78894
145,Ev,Deem,edeem40@w3.org,edeem40,bxnRi4xHUo,514 Artisan Plaza,702-597-1132,Las Vegas,Nevada,United States,95339
146,Shel,Silcox,ssilcox41@msu.edu,ssilcox41,HGy1nEg6,01812 Scoville Place,202-154-3529,Washington,District of Columbia,United States,92085
147,Herc,Rainard,hrainard42@tamu.edu,hrainard42,8ltfSYvBz,2 Algoma Parkway,614-801-0597,Columbus,Ohio,United States,89723
148,Willyt,Louisot,wlouisot43@gravatar.com,wlouisot43,Gmkl1s3LRj,0 Barnett Street,402-710-3199,Omaha,Nebraska,United States,97505
149,Iosep,Carbett,icarbett44@unesco.org,icarbett44,VxkOc9ABS,7303 Sachs Avenue,510-162-8568,Richmond,California,United States,90140
150,Danyelle,Sorrel,dsorrel45@geocities.jp,dsorrel45,sH97j7SbWfK,673 Kedzie Pass,304-289-0469,Huntington,West Virginia,United States,92576
151,Giraldo,Ciccone,gciccone46@army.mil,gciccone46,TLnrRfvs7qh9,2 New Castle Park,757-152-0443,Newport News,Virginia,United States,67110
152,Maynord,Whitney,mwhitney47@cloudflare.com,mwhitney47,CjyXyO9CSCEK,8340 Onsgard Circle,617-549-2101,Boston,Massachusetts,United States,93165
153,Letisha,Tulloch,ltulloch48@opera.com,ltulloch48,mxgzUPtfp,3 Claremont Center,702-698-7520,Las Vegas,Nevada,United States,98862
154,Rolland,Dacre,rdacre49@ameblo.jp,rdacre49,OIeIqOmq,85 Sherman Crossing,508-870-3360,New Bedford,Massachusetts,United States,75123
155,Abbie,Lukes,alukes4a@sogou.com,alukes4a,jhWtLuK,3 Transport Hill,718-274-5471,Brooklyn,New York,United States,70620
156,Delila,Luff,dluff4b@weebly.com,dluff4b,4mSF7SN2UBB,8476 Hayes Trail,704-923-9681,Gastonia,North Carolina,United States,96271
157,Gypsy,Kovalski,gkovalski4c@slideshare.net,gkovalski4c,64cG7rwR,4 Menomonie Court,915-389-6987,El Paso,Texas,United States,64323
158,Adrienne,Hackworthy,ahackworthy4d@xing.com,ahackworthy4d,Y9uwqWSG,698 Katie Junction,510-800-4028,Oakland,California,United States,86132
159,Tann,Vowell,tvowell4e@google.co.jp,tvowell4e,00LuZP8P4b,36 Annamark Drive,281-903-4189,Houston,Texas,United States,83529
160,Pollyanna,MacCathay,pmaccathay4f@archive.org,pmaccathay4f,8KLpA3hhuqc7,2767 Thierer Center,330-234-5990,Canton,Ohio,United States,96142
161,Julie,Stonuary,jstonuary4g@psu.edu,jstonuary4g,czxZ0skpNp,6 Tomscot Drive,912-744-4793,Savannah,Georgia,United States,91170
162,Lissie,Faulks,lfaulks4h@nationalgeographic.com,lfaulks4h,HJiwkqThCga,25 Esch Lane,318-618-5818,Boston,Massachusetts,United States,87191
163,Gerri,Burkart,gburkart4i@psu.edu,gburkart4i,dP4wurYPZ,1864 Dahle Hill,415-571-9652,San Francisco,California,United States,86317
164,Malia,Shynn,mshynn4j@virginia.edu,mshynn4j,5hBdHkZ,14 Granby Avenue,352-372-4023,Gainesville,Florida,United States,75115
165,Friedrich,Mangeney,fmangeney4k@psu.edu,fmangeney4k,SymBxKZA,9 Westport Way,817-269-6027,Arlington,Texas,United States,71763
166,Andee,Coye,acoye4l@people.com.cn,acoye4l,3cHkBt,4 Larry Hill,828-372-2120,Asheville,North Carolina,United States,72005
167,Alic,Cloy,acloy4m@yandex.ru,acloy4m,40jCoouG5,70 Messerschmidt Drive,304-500-6961,Huntington,West Virginia,United States,91566
168,Erna,Sharp,esharp4n@issuu.com,esharp4n,9Ko2M9,90546 Park Meadow Parkway,325-491-5579,San Angelo,Texas,United States,82038
169,Bearnard,Newband,bnewband4o@umich.edu,bnewband4o,f4LaXhmDmqF,44685 Bunting Point,517-599-1479,Lansing,Michigan,United States,95633
170,Christi,Ancketill,cancketill4p@yale.edu,cancketill4p,qmD9rz,14975 Del Mar Junction,615-155-2688,Nashville,Tennessee,United States,78866
171,Clywd,Gullberg,cgullberg4q@smugmug.com,cgullberg4q,35x5nfPo,0 Veith Court,573-214-3397,Jefferson City,Missouri,United States,90324
172,Flss,Anderton,fanderton4r@google.co.jp,fanderton4r,dDpYK0,6715 Kropf Terrace,920-316-6699,Green Bay,Wisconsin,United States,71399
173,Lutero,Zuan,lzuan4s@topsy.com,lzuan4s,SEbFtP,97 New Castle Drive,347-345-7307,Flushing,New York,United States,88413
174,Lorianna,Dowman,ldowman4t@g.co,ldowman4t,mfbdMkFmcdD,4994 Hallows Pass,915-481-1670,El Paso,Texas,United States,79080
175,Laney,Wehner,lwehner4u@google.nl,lwehner4u,geT7Wal0e6W,5969 Nevada Crossing,405-872-1958,Oklahoma City,Oklahoma,United States,85674
176,Zed,Cettell,zcettell4v@fastcompany.com,zcettell4v,KMuyTVBn,2 Laurel Court,410-922-1200,Ridgely,Maryland,United States,86297
177,Emerson,Thresher,ethresher4w@comsenz.com,ethresher4w,uV8ShJ3fj,990 Pankratz Plaza,304-187-9460,Charleston,West Virginia,United States,81682
178,Rodrick,Wallice,rwallice4x@woothemes.com,rwallice4x,KMuQXgSXun9,925 Trailsway Crossing,619-472-3749,San Diego,California,United States,60306
179,Blancha,Bus,bbus4y@sohu.com,bbus4y,OoAkW9C5kmss,8233 American Ash Street,971-702-7999,Portland,Oregon,United States,98996
180,Lily,Wheatland,lwheatland4z@mysql.com,lwheatland4z,IxV2nbtnLA,72240 Miller Circle,216-846-4877,Cleveland,Ohio,United States,94729
181,Natala,Kiehl,nkiehl50@redcross.org,nkiehl50,r90Onya4,883 Clyde Gallagher Crossing,503-952-9874,Portland,Oregon,United States,75696
182,Cathlene,Stillgoe,cstillgoe51@netlog.com,cstillgoe51,KMPepmvWBU4,6763 Fairview Road,916-520-9400,Sacramento,California,United States,99824
183,Violetta,Kitchener,vkitchener52@soup.io,vkitchener52,Bg4hQ0kKZG,67 Mandrake Park,850-974-4057,Pensacola,Florida,United States,99412
184,Carolus,Rosenshine,crosenshine53@hugedomains.com,crosenshine53,49w381eu,011 Weeping Birch Court,806-784-9349,Amarillo,Texas,United States,70062
185,Flory,Dowda,fdowda54@dell.com,fdowda54,Pf0vebxO,619 Columbus Junction,916-325-6730,Sacramento,California,United States,54865
186,Daune,Culley,dculley55@netvibes.com,dculley55,Wm2Niy7uGDt,5 Mallory Street,904-143-7268,Jacksonville,Florida,United States,85459
187,Wash,Caesar,wcaesar56@vk.com,wcaesar56,oXhOw3,4478 Mosinee Crossing,210-762-2294,San Antonio,Texas,United States,88708
188,Shae,Plinck,splinck57@slideshare.net,splinck57,TWzxErgx,63 Nelson Place,808-164-0993,Honolulu,Hawaii,United States,64138
189,Sonny,O'Hengerty,sohengerty58@shareasale.com,sohengerty58,o6gDGv7K,45869 Basil Lane,562-690-0172,Long Beach,California,United States,92182
190,Yorker,Tills,ytills59@hostgator.com,ytills59,Q17QPw4Fx,9 Menomonie Road,916-527-3026,Sacramento,California,United States,72972
191,Euell,Abrams,eabrams5a@indiatimes.com,eabrams5a,T9pG3cGIWMEg,7895 Morrow Park,407-568-7598,Orlando,Florida,United States,94048
192,Bernie,Clutten,bclutten5b@smh.com.au,bclutten5b,NLpcMeGxkZ,281 Kensington Pass,206-203-5613,Seattle,Washington,United States,91898
193,Giffer,Coite,gcoite5c@sohu.com,gcoite5c,md99xEcK,41829 Carey Crossing,706-949-8701,Cumming,Georgia,United States,91514
194,Trever,Ruffey,truffey5d@archive.org,truffey5d,i4T2NT,8836 Briar Crest Plaza,414-405-9231,Milwaukee,Wisconsin,United States,97537
195,Chadd,Tapton,ctapton5e@noaa.gov,ctapton5e,Wg9Zt0I,08737 Tennyson Point,478-385-2478,Macon,Georgia,United States,83285
196,Candida,Simek,csimek5f@hostgator.com,csimek5f,umCfGlTw7,61723 Fulton Lane,757-454-7845,Virginia Beach,Virginia,United States,75701
197,Michelina,Duddy,mduddy5g@reference.com,mduddy5g,v9fk0ZB,2 Dottie Junction,205-752-9390,Birmingham,Alabama,United States,99074
198,Cissiee,Harewood,charewood5h@springer.com,charewood5h,dbU9dGz6hQk,4 Homewood Place,913-988-8217,Shawnee Mission,Kansas,United States,83567
199,Loreen,Bilby,lbilby5i@china.com.cn,lbilby5i,K7gNJEy,1 Maple Wood Pass,703-310-8632,Silver Spring,Maryland,United States,80970
200,Tandi,Pedrielli,tpedrielli5j@cornell.edu,tpedrielli5j,MneSPIr,41 Service Drive,209-662-3945,Modesto,California,United States,98409
201,Marya,Maskall,mmaskall5k@opensource.org,mmaskall5k,kBRtUDC7ZYU,619 Clarendon Pass,772-356-0553,West Palm Beach,Florida,United States,93634
202,Jonis,Whittock,jwhittock5l@shutterfly.com,jwhittock5l,kEAOg6,00 Elka Trail,325-461-1781,San Angelo,Texas,United States,95532
203,Conrade,Dog,cdog5m@myspace.com,cdog5m,0ap2d6q5C,20157 Johnson Crossing,318-804-7501,Shreveport,Louisiana,United States,96570
204,Cindy,Kitteringham,ckitteringham5n@twitter.com,ckitteringham5n,lNQntR36OR,4048 Forest Dale Circle,304-500-4242,Charleston,West Virginia,United States,83622
205,Deane,McAllen,dmcallen5o@360.cn,dmcallen5o,RhxsJyIElS,012 Ryan Avenue,650-196-4762,Mountain View,California,United States,96550
206,Jemmy,Tarn,jtarn5p@123-reg.co.uk,jtarn5p,3rokVi,02 Roth Alley,417-907-7344,Springfield,Missouri,United States,67106
207,Jonell,Yeates,jyeates5q@dailymotion.com,jyeates5q,wILIUZ,40 Lawn Trail,518-873-5964,Albany,New York,United States,98743
208,Nichols,Ridel,nridel5r@reverbnation.com,nridel5r,yZ6c6JK,55658 Mandrake Street,605-416-5220,Sioux Falls,South Dakota,United States,71640
209,Eugene,Gilyott,egilyott5s@shinystat.com,egilyott5s,LSnsrhG9zSWL,77953 5th Junction,303-783-1052,Littleton,Colorado,United States,72474
210,Nahum,Milland,nmilland5t@youku.com,nmilland5t,AVBVuoCf,1 Gateway Court,417-512-1405,Springfield,Missouri,United States,67335
211,Mae,Janos,mjanos5u@reuters.com,mjanos5u,RxYHcd718x,1531 Roth Parkway,785-247-3587,Topeka,Kansas,United States,87880
212,Dimitri,Denne,ddenne5v@comcast.net,ddenne5v,Iy000ig,87580 Springs Lane,320-399-3576,Saint Cloud,Minnesota,United States,96004
213,Guglielmo,Temperley,gtemperley5w@ebay.co.uk,gtemperley5w,Cigv3MjrQr,7 Texas Road,202-512-4367,Washington,District of Columbia,United States,75517
214,Jessika,Brandom,jbrandom5x@google.com.au,jbrandom5x,XhBMQ2V,297 Vera Alley,209-700-8541,Modesto,California,United States,96064
215,Tawnya,Slaughter,tslaughter5y@google.de,tslaughter5y,sW3omFVyjDb,2 Mcguire Terrace,202-856-2122,Washington,District of Columbia,United States,74835
216,Caressa,Briers,cbriers5z@stanford.edu,cbriers5z,sVtPalz,29849 High Crossing Street,314-759-1196,Saint Louis,Missouri,United States,79775
217,Montague,Kinworthy,mkinworthy60@dailymail.co.uk,mkinworthy60,JIhfCi,7860 Mesta Crossing,608-650-9911,Madison,Wisconsin,United States,88707
218,Elbertina,Bellin,ebellin61@ibm.com,ebellin61,Ah4wHadFAzW,0 Wayridge Circle,412-724-4154,Pittsburgh,Pennsylvania,United States,62146
219,Kelvin,Claus,kclaus62@yellowpages.com,kclaus62,xUjUNV,05124 Lighthouse Bay Terrace,312-892-9203,Chicago,Illinois,United States,93980
220,Lyndsey,Lavery,llavery63@dyndns.org,llavery63,cWo4auq,10 Thierer Road,360-375-8856,Olympia,Washington,United States,55762
221,Abba,Dundin,adundin64@apache.org,adundin64,3ivOQ40,338 Di Loreto Road,515-371-4962,Des Moines,Iowa,United States,57040
222,Edik,Churms,echurms65@ehow.com,echurms65,cGtQZ5Mo7wGj,33372 Thierer Trail,617-597-6246,Boston,Massachusetts,United States,96147
223,Alethea,Cattlow,acattlow66@bloglines.com,acattlow66,a516m1us,346 Sachtjen Street,513-377-8352,Cincinnati,Ohio,United States,91472
224,Deirdre,Pedrollo,dpedrollo67@seesaa.net,dpedrollo67,bnqRYuxBnWQe,6135 Beilfuss Plaza,240-214-3831,Bowie,Maryland,United States,98061
225,Aile,Rubert,arubert68@nih.gov,arubert68,pQ9VOaXIU,70913 Prairie Rose Drive,915-580-9777,El Paso,Texas,United States,84555
226,Dorothy,Clemot,dclemot69@typepad.com,dclemot69,QNvcXvrEabzJ,97143 Dakota Street,304-893-0503,Charleston,West Virginia,United States,80530
227,Ida,Tofanelli,itofanelli6a@constantcontact.com,itofanelli6a,9VE0BViI2jnA,102 Laurel Drive,512-219-7359,Austin,Texas,United States,87830
228,Eloisa,Eacott,eeacott6b@lycos.com,eeacott6b,AehHqUNH7Vv,28065 Riverside Point,559-631-3048,Fresno,California,United States,73734
229,Dorelle,Theis,dtheis6c@msn.com,dtheis6c,m7oPOSWmRf,83620 Waubesa Trail,915-848-6387,El Paso,Texas,United States,91890
230,Sophia,Walter,swalter6d@apple.com,swalter6d,9Unvvn7iLf,9 Lakeland Alley,206-265-8236,Seattle,Washington,United States,96814
231,Matt,Rutherford,mrutherford6e@sphinn.com,mrutherford6e,UK64IS5,6 Hansons Parkway,850-294-2157,Pensacola,Florida,United States,93513
232,Jermayne,Ranvoise,jranvoise6f@nationalgeographic.com,jranvoise6f,CwsQ1uJh5,36 Mcguire Trail,646-544-2639,New York City,New York,United States,94410
233,Gualterio,Dickenson,gdickenson6g@buzzfeed.com,gdickenson6g,6mfdUCiEW,913 Caliangt Crossing,612-529-2613,Minneapolis,Minnesota,United States,90887
234,Ode,Auton,oauton6h@slideshare.net,oauton6h,SxHY2Q0sW5,55 Northridge Circle,520-507-4498,Tucson,Arizona,United States,96431
235,Pollyanna,Pordall,ppordall6i@desdev.cn,ppordall6i,LnosK2,77672 Pond Hill,312-219-5339,Chicago,Illinois,United States,97621
236,Jaclyn,Conyers,jconyers6j@drupal.org,jconyers6j,o3kHpzJG,8610 Monument Hill,954-872-1603,Hollywood,Florida,United States,98985
237,Cordi,Spriggin,cspriggin6k@auda.org.au,cspriggin6k,3Tk4sGrwjlU3,891 Monica Road,510-476-2867,Richmond,California,United States,96969
238,Cassie,Stainer,cstainer6l@ning.com,cstainer6l,mACZt0ne94t,73 Forest Run Drive,336-678-5482,High Point,North Carolina,United States,91672
239,Elijah,Sorby,esorby6m@state.tx.us,esorby6m,hedBunp,70349 Garrison Circle,617-554-5655,Boston,Massachusetts,United States,97375
240,Isaak,Ready,iready6n@seattletimes.com,iready6n,ZAmsrT17,70 Johnson Point,601-974-0002,Jackson,Mississippi,United States,79721
241,Garrot,Tregona,gtregona6o@marriott.com,gtregona6o,gk83FOGjR,978 Northport Junction,251-841-1707,Mobile,Alabama,United States,34455
242,Casar,Danilewicz,cdanilewicz6p@desdev.cn,cdanilewicz6p,UWB5eJ1Fj,16706 Upham Trail,225-786-3909,Baton Rouge,Louisiana,United States,84668
243,Anatole,Closs,acloss6q@goo.ne.jp,acloss6q,Y8M4RNt4U,6 Spaight Park,408-611-3045,San Jose,California,United States,95840
244,Jasmin,Edel,jedel6r@constantcontact.com,jedel6r,WnOLxfyN0,0 Moose Court,603-323-3071,Manchester,New Hampshire,United States,88552
245,Shepard,Wein,swein6s@rakuten.co.jp,swein6s,NIgXu4PPGBq,899 Roth Park,540-166-3816,Roanoke,Virginia,United States,89411
246,Tilda,Bufton,tbufton6t@flickr.com,tbufton6t,9lIfVhsA,3 Farmco Way,804-374-1514,Richmond,Virginia,United States,98010
247,Kirby,Fritschel,kfritschel6u@webeden.co.uk,kfritschel6u,MbhOHtI81,3 Thompson Terrace,478-593-5354,Macon,Georgia,United States,93850
248,Angela,Marquez,amarquez6v@sciencedirect.com,amarquez6v,qrzh0Izo,35346 Laurel Terrace,703-779-9391,Reston,Virginia,United States,62417
249,Pavla,Purton,ppurton6w@amazonaws.com,ppurton6w,D6beWvW,3 Rockefeller Road,304-837-4033,Charleston,West Virginia,United States,81044
250,Cristine,Eschelle,ceschelle6x@skype.com,ceschelle6x,kfrMAPi,6187 Hauk Avenue,919-950-1423,Raleigh,North Carolina,United States,95405
251,Hardy,Beevis,hbeevis6y@answers.com,hbeevis6y,hjqayciASY8,15 Ridgeview Park,901-836-9881,Memphis,Tennessee,United States,83498
252,Hadlee,Bateup,hbateup6z@reuters.com,hbateup6z,gBxpSnApWN,000 Bowman Junction,763-607-4051,Minneapolis,Minnesota,United States,95470
253,Abdel,Rabley,arabley70@issuu.com,arabley70,OiqUhBenz,0261 Goodland Place,727-684-1566,Clearwater,Florida,United States,49415
254,Launce,Becks,lbecks71@scribd.com,lbecks71,wk6Rib,492 Rigney Trail,260-464-3146,Fort Wayne,Indiana,United States,95716
255,Farleigh,Brandoni,fbrandoni72@microsoft.com,fbrandoni72,yeFX6Foz8P4Q,934 Doe Crossing Drive,352-796-5868,Gainesville,Florida,United States,57358
256,Nonnah,Hurl,nhurl73@ft.com,nhurl73,pd2lprW,71247 Hauk Place,202-170-2245,Washington,District of Columbia,United States,98611
257,Juditha,Gardener,jgardener74@fastcompany.com,jgardener74,APAbf4vtK,8 Walton Point,251-403-0300,Mobile,Alabama,United States,95543
258,Lodovico,Jarmyn,ljarmyn75@issuu.com,ljarmyn75,ZEfl2JqAJSTw,991 Atwood Park,619-414-4120,San Diego,California,United States,51215
259,Jeanna,Iddens,jiddens76@seattletimes.com,jiddens76,q5kdU4NkVZ,7989 Forest Park,202-399-2443,Washington,District of Columbia,United States,93145
260,Sibby,Joe,sjoe77@shop-pro.jp,sjoe77,FUdPDyyN9t,098 Lillian Drive,757-559-3316,Virginia Beach,Virginia,United States,80215
261,Shirlene,Sinnott,ssinnott78@goodreads.com,ssinnott78,MzVVvEzc4t3,374 Grayhawk Way,614-243-9965,Columbus,Ohio,United States,97298
262,Nat,Sneden,nsneden79@yellowpages.com,nsneden79,A8IHmZZwjD,29 Mcbride Avenue,206-511-3879,Seattle,Washington,United States,55912
263,Kristan,Simonnin,ksimonnin7a@livejournal.com,ksimonnin7a,ohuvxz4t,49829 Fairfield Drive,269-917-6741,Kalamazoo,Michigan,United States,95170
264,Hughie,Ovendon,hovendon7b@ca.gov,hovendon7b,E82gsgmOJH3,61271 Pine View Point,209-301-4053,Visalia,California,United States,94468
265,Casie,Simonot,csimonot7c@imgur.com,csimonot7c,0HX4QtY8l8Rx,950 Linden Hill,319-472-1725,Iowa City,Iowa,United States,75464
266,Nicolas,Petrusch,npetrusch7d@ezinearticles.com,npetrusch7d,vCYpUU,9 Golf Drive,602-746-3197,Phoenix,Arizona,United States,76594
267,Dina,Rochford,drochford7e@sciencedaily.com,drochford7e,nsZD2dHv,467 Pankratz Point,209-470-3301,Fresno,California,United States,96556
268,Amelie,De la Feld,adelafeld7f@dell.com,adelafeld7f,LgYebqIy,2 Daystar Plaza,626-999-8078,Pasadena,California,United States,73049
269,Gael,Wahncke,gwahncke7g@walmart.com,gwahncke7g,yMqmW9,7859 Dawn Junction,915-891-4936,El Paso,Texas,United States,93174
270,Karlotta,Tapley,ktapley7h@webmd.com,ktapley7h,Zmaa00,7 Hanson Circle,808-143-8013,Honolulu,Hawaii,United States,25329
271,Creight,Barde,cbarde7i@apache.org,cbarde7i,vOafO1BbsT,7610 Norway Maple Court,316-913-1412,Wichita,Kansas,United States,70837
272,Blanch,Cheake,bcheake7j@opera.com,bcheake7j,isWudNdVTfn,2 Logan Crossing,203-435-8307,Bridgeport,Connecticut,United States,81840
273,West,Farrin,wfarrin7k@cmu.edu,wfarrin7k,xfbreoOLJl,96 Mccormick Place,727-329-7935,Clearwater,Florida,United States,93013
274,Minnaminnie,Welchman,mwelchman7l@goo.ne.jp,mwelchman7l,RvmRqNqgtG,28 6th Lane,571-612-1676,Sterling,Virginia,United States,93070
275,Rosanne,Duinbleton,rduinbleton7m@flavors.me,rduinbleton7m,1dKuIFSgy,983 Havey Pass,213-867-2189,Los Angeles,California,United States,92084
276,Harlin,Maker,hmaker7n@mapquest.com,hmaker7n,GLgfXS,5221 Northport Street,228-642-7607,Gulfport,Mississippi,United States,89104
277,Luisa,Bounds,lbounds7o@nifty.com,lbounds7o,fChV67UiqW9,680 Rieder Avenue,512-960-4808,Austin,Texas,United States,95951
278,Christiana,Jermyn,cjermyn7p@odnoklassniki.ru,cjermyn7p,oy0z8m141A,1325 Dixon Street,415-722-3628,San Rafael,California,United States,85562
279,Isidor,Handrick,ihandrick7q@usatoday.com,ihandrick7q,fN3JsZui,2 Scoville Way,305-510-0300,Hollywood,Florida,United States,82271
280,Jenda,Hryniewicki,jhryniewicki7r@telegraph.co.uk,jhryniewicki7r,pmJ5KzcEtXE3,2715 Hayes Road,281-740-5918,Houston,Texas,United States,96172
281,Michal,Reeman,mreeman7s@flickr.com,mreeman7s,CnZeCbKeh8,9294 Fairfield Point,626-448-6971,Alhambra,California,United States,97340
282,Kylila,Nind,knind7t@homestead.com,knind7t,P4FIBN,0713 Rutledge Way,912-719-3147,Savannah,Georgia,United States,71985
283,Monte,Halvorsen,mhalvorsen7u@sciencedirect.com,mhalvorsen7u,KNd5TRao,761 Nevada Avenue,614-386-0996,Columbus,Ohio,United States,98523
284,Creight,Hovey,chovey7v@accuweather.com,chovey7v,GGW6ZWa86nw,02 Springview Hill,225-487-0681,Baton Rouge,Louisiana,United States,62208
285,Claretta,Yendall,cyendall7w@sourceforge.net,cyendall7w,WK5cFU,71 Gateway Parkway,407-573-3839,Orlando,Florida,United States,99632
286,Reagan,Rulton,rrulton7x@cnet.com,rrulton7x,aeoFyHNW5IS,8447 Schlimgen Plaza,415-974-8015,San Francisco,California,United States,82613
287,Rhody,Astin,rastin7y@newyorker.com,rastin7y,Gf4rsD7,90 Wayridge Lane,210-108-8232,San Antonio,Texas,United States,94125
288,Angus,Price,aprice7z@exblog.jp,aprice7z,Qt8qsbw,09 Canary Circle,509-429-5119,Spokane,Washington,United States,90927
289,Katlin,Nardoni,knardoni80@nymag.com,knardoni80,pbWlmV9D02,0296 Mariners Cove Road,843-318-1564,Charleston,South Carolina,United States,93960
290,Elsbeth,Rolance,erolance81@jugem.jp,erolance81,KQW8suTYw,33 Sauthoff Point,216-415-7236,Cleveland,Ohio,United States,98910
291,Sallyann,McKerlie,smckerlie82@google.cn,smckerlie82,wrCwThcoMR,09 Dottie Pass,915-591-7209,El Paso,Texas,United States,53539
292,Lowe,Pierce,lpierce83@stumbleupon.com,lpierce83,h5L7UFfYeU,5 Harper Court,972-623-9365,Mesquite,Texas,United States,93858
293,Berkie,Allso,ballso84@tumblr.com,ballso84,aBlLaFHd,55 Hintze Way,253-348-6105,Kent,Washington,United States,94807
294,Wyn,Gargett,wgargett85@flickr.com,wgargett85,Pj1dWev3DU,4694 Paget Plaza,469-170-6714,Dallas,Texas,United States,81364
295,Linnie,Brierley,lbrierley86@usda.gov,lbrierley86,0H5GEUIx,523 Columbus Street,318-130-0924,Shreveport,Louisiana,United States,98833
296,Conrado,Gillis,cgillis87@goodreads.com,cgillis87,AVli7BMuy1US,87567 Vermont Center,916-954-1768,Sacramento,California,United States,90247
297,Elton,Paolone,epaolone88@ibm.com,epaolone88,F2LpmkrdZ3O,11 Blaine Alley,936-994-1391,Huntsville,Texas,United States,94584
298,Rivi,Leeson,rleeson89@topsy.com,rleeson89,9lR98NU0JoT,993 La Follette Park,251-801-6569,Mobile,Alabama,United States,69994
299,Dane,Cosham,dcosham8a@bigcartel.com,dcosham8a,iGO2OSq,61346 Clemons Avenue,804-630-7797,Richmond,Virginia,United States,83460
300,Larine,Bunson,lbunson8b@dailymotion.com,lbunson8b,H3IrJeZk4ax,71 Westerfield Hill,386-897-7449,Daytona Beach,Florida,United States,97922
