user_id,fname,lname,email,username,password,street_address,phone_number,city,province,country,zipcode
A98,,,,,,0 Glacier Hill Terrace,515-708-3403,Des Moines,Iowa,United States,97717
B11,Cicily,Ganter,cganter3l@furl.net,cganter3l,uk4pJZV,0 Laurel Terrace,518-472-2254,Schenectady,New York,United States,75703
B46,Xena,Medlar,xmedlar3c@sourceforge.net,xmedlar3c,k9IiwD,00679 Twin Pines Plaza,937-918-3686,Dayton,Ohio,United States,94938
B77,Wakefield,Hazeldene,whazeldeneg@twitter.com,whazeldeneg,HZixXsdH,0232 Darwin Drive,602-725-4285,Peoria,Arizona,United States,95905
A60,,,,,,058 American Center,517-252-3771,Lansing,Michigan,United States,98738
A55,,,,,,059 Clarendon Road,313-671-8952,Detroit,Michigan,United States,83941
A27,,,,,,08 Crest Line Trail,253-198-1975,Tacoma,Washington,United States,83915
A69,,,,,,09013 Talisman Crossing,816-472-6146,Kansas City,Missouri,United States,93190
B41,Chris,Blaschke,cblaschkeo@livejournal.com,cblaschkeo,tjNZS4ASX,0925 Rieder Center,305-491-7563,Miami,Florida,United States,72051
B02,Verina,Dunsmore,vdunsmored@virginia.edu,vdunsmored,dVr7AJ,11027 Graceland Point,316-777-0025,Wichita,Kansas,United States,83033
A28,,,,,,1114 Eggendart Way,717-112-1708,Harrisburg,Pennsylvania,United States,84735
A81,,,,,,1151 Village Green Parkway,516-481-1957,Hicksville,New York,United States,93911
B92,Leandra,Chicchelli,lchicchelli2g@youku.com,lchicchelli2g,wVbv26iuh,118 Stone Corner Road,661-823-2186,Bakersfield,California,United States,71305
B94,Lon,Hefner,lhefnern@umn.edu,lhefnern,lW5qoxiHq,12444 Summerview Place,763-662-9443,Maple Plain,Minnesota,United States,49795
B04,Juliette,Beadles,jbeadles2k@jugem.jp,jbeadles2k,TTB7NYEvVxz,128 Jana Drive,212-310-4595,New York City,New York,United States,82953
B49,Lorrie,Fockes,lfockes3@msn.com,lfockes3,JXYnZqD,139 Corscot Center,801-874-4284,Salt Lake City,Utah,United States,87587
A01,,,,,,14 Onsgard Pass,360-457-4734,Olympia,Washington,United States,83972
A38,,,,,,14903 Drewry Lane,804-930-2238,Richmond,Virginia,United States,98234
B34,Catriona,Kaes,ckaes1y@facebook.com,ckaes1y,h7iBGX1JQ,16230 Comanche Park,253-246-8952,Tacoma,Washington,United States,84280
B38,Kate,Coules,kcoules4s@mashable.com,kcoules4s,q2Txp8m1fxQJ,1866 Oak Valley Center,718-388-7344,Brooklyn,New York,United States,94182
A88,,,,,,19052 Dottie Place,818-274-9311,Glendale,California,United States,82376
A48,,,,,,1913 Mayfield Street,515-115-9205,Des Moines,Iowa,United States,83741
A56,,,,,,1948 Farragut Junction,850-304-9300,Pensacola,Florida,United States,41703
B52,Liva,Bentame,lbentame4z@skyrock.com,lbentame4z,VkgYoaY,2 2nd Plaza,912-155-9092,Macon,Georgia,United States,92632
A74,,,,,,20105 Michigan Trail,609-394-4480,Trenton,New Jersey,United States,90906
A02,,,,,,203 Independence Plaza,423-672-2842,Chattanooga,Tennessee,United States,96212
A11,,,,,,206 Longview Crossing,512-474-6856,Austin,Texas,United States,97586
A79,,,,,,210 Arapahoe Way,609-332-8554,Trenton,New Jersey,United States,80637
B27,Dino,Etty,detty34@hubpages.com,detty34,PwaNUw,22 3rd Drive,212-495-8055,New York City,New York,United States,87857
B90,Muire,Boulder,mboulderc@dailymail.co.uk,mboulderc,5PMinQ,223 Muir Court,706-168-2989,Athens,Georgia,United States,99297
B93,Kevon,Reddings,kreddings1i@businesswire.com,kreddings1i,BgzXMO,24 Superior Place,918-908-0992,Tulsa,Oklahoma,United States,83361
B86,Ann,Griffin,agriffin0@msn.com,agriffin0,BR1OfSSv35Q,2631 Clove Plaza,510-787-2507,Oakland,California,United States,72514
B75,Audre,Veillard,aveillard3k@va.gov,aveillard3k,GDZcxsRiQN,2738 John Wall Center,704-844-0156,Charlotte,North Carolina,United States,90497
B79,Alard,Coxall,acoxall41@umich.edu,acoxall41,SPjpXOr,28 Dakota Street,469-153-1725,Garland,Texas,United States,99159
A18,,,,,,3 Cordelia Pass,352-216-2911,Ocala,Florida,United States,97163
A24,,,,,,3 Golf Course Park,336-188-2661,Greensboro,North Carolina,United States,67972
A94,,,,,,34 Fairfield Center,213-704-9523,Los Angeles,California,United States,74651
A31,,,,,,359 Cottonwood Point,713-886-4008,Houston,Texas,United States,95652
A82,,,,,,364 Fieldstone Crossing,202-801-6798,Washington,District of Columbia,United States,90744
A65,,,,,,3684 Doe Crossing Hill,862-944-8263,Newark,New Jersey,United States,74268
B05,Jeannette,McHenry,jmchenryw@jimdo.com,jmchenryw,JfOZS09fJ,3715 Buell Place,412-953-8818,Pittsburgh,Pennsylvania,United States,97108
B98,Burnard,Storm,bstorm4i@acquirethisname.com,bstorm4i,Yl2utb3vyg,38 Waubesa Pass,334-809-7489,Montgomery,Alabama,United States,80004
B89,Lilith,Bulgen,lbulgen2o@google.es,lbulgen2o,FQSIRz,4 Lighthouse Bay Place,916-703-6497,Chico,California,United States,70415
B56,Wanda,Fibbitts,wfibbitts13@imageshack.us,wfibbitts13,8kDKwrS015,40 Kinsman Lane,217-761-8079,Springfield,Illinois,United States,95590
B31,Wendie,Jefferson,wjefferson17@delicious.com,wjefferson17,p9CfjU69j,40567 Stone Corner Point,205-246-4042,Birmingham,Alabama,United States,89819
A05,,,,,,40637 Columbus Road,949-164-1572,Irvine,California,United States,92831
B99,Murry,Olyunin,molyunin57@tripadvisor.com,molyunin57,0xh39Y,411 Eliot Lane,314-815-4239,Saint Louis,Missouri,United States,82380
A34,,,,,,423 Hagan Street,419-294-4635,Toledo,Ohio,United States,83757
B96,Marga,Greaser,mgreaser2z@ocn.ne.jp,mgreaser2z,EGZcVnuaFm,42323 Loomis Crossing,310-120-4295,San Francisco,California,United States,78790
A45,,,,,,43 Autumn Leaf Point,713-644-3671,Houston,Texas,United States,77640
A77,,,,,,430 Gina Circle,251-344-9129,Mobile,Alabama,United States,88316
A33,,,,,,4405 Golden Leaf Parkway,239-805-7489,Fort Myers,Florida,United States,87667
A20,,,,,,4484 Corben Park,702-941-7149,Las Vegas,Nevada,United States,86875
B36,Hendrika,Pavyer,hpavyer4u@hexun.com,hpavyer4u,Mj1OhbgXozy6,46 Graceland Plaza,304-865-8274,Huntington,West Virginia,United States,85224
B65,Veronika,Hawkeswood,vhawkeswood12@drupal.org,vhawkeswood12,HDC0rWnH,469 Comanche Plaza,702-745-7430,Las Vegas,Nevada,United States,89196
B09,Shannen,Parkyns,sparkynsz@adobe.com,sparkynsz,ZVVaHVu86JAl,49 Swallow Park,316-442-0706,Wichita,Kansas,United States,65153
B45,Reyna,Succamore,rsuccamore4c@ow.ly,rsuccamore4c,CLfT6wr3r,5 Arkansas Junction,859-338-8111,Lexington,Kentucky,United States,82115
B63,Kassi,Kalkhoven,kkalkhoven2u@unc.edu,kkalkhoven2u,7DnOHVNjzia,5 Cambridge Way,801-120-2882,Salt Lake City,Utah,United States,97955
A03,,,,,,5 Chinook Park,336-641-5351,High Point,North Carolina,United States,93496
B70,Annabel,Itzkovwitch,aitzkovwitch21@lycos.com,aitzkovwitch21,TaMCpXog,5 Golf Pass,786-916-3235,Miami,Florida,United States,89138
A80,,,,,,506 Schiller Alley,757-410-2544,Newport News,Virginia,United States,75906
B78,Kaja,Elwill,kelwill26@yahoo.co.jp,kelwill26,gyg2PS,5069 Starling Drive,612-383-7947,Minneapolis,Minnesota,United States,94860
A50,,,,,,517 Center Road,269-395-8516,Kalamazoo,Michigan,United States,90475
A64,,,,,,52 Surrey Alley,720-440-4430,Denver,Colorado,United States,99936
A58,,,,,,5232 Portage Pass,323-276-4527,Long Beach,California,United States,74540
B32,Eduino,Gallelli,egallelli47@tripadvisor.com,egallelli47,X1tSMdpP0NSH,5311 Carberry Park,508-524-6829,Worcester,Massachusetts,United States,62311
B43,Valle,Meers,vmeerse@lycos.com,vmeerse,QB2VJeRFUHE,536 Eggendart Crossing,339-156-6503,Boston,Massachusetts,United States,57933
A13,,,,,,53619 Sycamore Park,804-852-4045,Richmond,Virginia,United States,62252
A44,,,,,,545 Bonner Circle,785-998-9553,Topeka,Kansas,United States,88037
B73,Haily,Attreed,hattreed22@deliciousdays.com,hattreed22,hf2450au,5486 Lerdahl Drive,806-576-1389,Amarillo,Texas,United States,91435
A90,,,,,,55 Cambridge Pass,408-663-2642,San Jose,California,United States,91017
A46,,,,,,559 Thompson Parkway,702-656-9979,Las Vegas,Nevada,United States,87851
B69,Elysia,Sonner,esonner52@illinois.edu,esonner52,z1svvSwn,563 Farragut Crossing,501-884-4229,Little Rock,Arkansas,United States,97559
A37,,,,,,5667 Oxford Trail,512-715-2945,Austin,Texas,United States,65467
A17,,,,,,5703 Esch Parkway,212-584-1615,Jamaica,New York,United States,90480
A49,,,,,,574 Eliot Place,203-412-2684,Stamford,Connecticut,United States,89344
A16,,,,,,5798 Riverside Center,814-730-0895,Erie,Pennsylvania,United States,98044
A61,,,,,,587 Oxford Trail,786-515-7747,Miami,Florida,United States,74366
B13,Sallie,Lusgdin,slusgdin20@mozilla.org,slusgdin20,2gUsaWLX,59 Drewry Circle,415-329-7481,San Francisco,California,United States,72787
A25,,,,,,59 Merrick Hill,585-233-8852,Rochester,New York,United States,90679
B33,Nathanil,Mercik,nmercikj@cisco.com,nmercikj,SZRRSf,6 Sheridan Place,386-122-1193,Daytona Beach,Florida,United States,94607
A23,,,,,,61 Kim Lane,937-799-9373,Dayton,Ohio,United States,71953
A06,,,,,,625 La Follette Hill,202-911-9562,Washington,District of Columbia,United States,98173
B85,Brockie,Heaney,bheaney3t@tripadvisor.com,bheaney3t,dmnfVYeImG,65632 Morningstar Lane,540-131-9868,Roanoke,Virginia,United States,57946
B10,Amelita,Crouch,acrouch1c@disqus.com,acrouch1c,VK0RyFNSw4,660 Sutherland Point,502-112-6247,Louisville,Kentucky,United States,89934
A29,,,,,,6673 Gina Terrace,810-438-4200,Flint,Michigan,United States,80180
B06,Rici,Nayer,rnayeri@wiley.com,rnayeri,krAUCBsbgrp,6723 Marquette Parkway,806-885-7472,Amarillo,Texas,United States,81292
B29,Lenci,Inchan,linchan39@nbcnews.com,linchan39,6EJwdathH2,67820 Hallows Plaza,661-373-7453,Lancaster,California,United States,89974
B28,Gordie,Tothe,gtothe33@cyberchimps.com,gtothe33,q7fh1JuDyBWL,68 Melody Parkway,970-956-5404,Grand Junction,Colorado,United States,82832
A47,,,,,,69 Anhalt Trail,813-674-6047,Tampa,Florida,United States,45926
A42,,,,,,694 Hoepker Street,765-812-0057,Anderson,Indiana,United States,92880
B30,Evy,Hutcheon,ehutcheon3b@infoseek.co.jp,ehutcheon3b,5jHIKBzX,7 Buhler Avenue,412-127-9275,Pittsburgh,Pennsylvania,United States,98366
A59,,,,,,7 Esker Pass,804-889-2584,Richmond,Virginia,United States,76918
B48,Carin,Philipps,cphilipps5@scientificamerican.com,cphilipps5,c5MwZnx04,7210 Bultman Parkway,605-611-1334,Sioux Falls,South Dakota,United States,85248
A04,,,,,,73616 Moose Road,915-354-9725,El Paso,Texas,United States,81086
A40,,,,,,74 Calypso Road,210-897-1823,San Antonio,Texas,United States,56158
A76,,,,,,76 Coolidge Pass,904-664-2371,Jacksonville,Florida,United States,97546
B55,Junia,Haylor,jhaylor2n@ustream.tv,jhaylor2n,TbNXMCg7e2T,78 Larry Road,303-194-1051,Denver,Colorado,United States,91155
B16,Zorina,Scatchar,zscatchar3i@sphinn.com,zscatchar3i,u84pTOm,783 Gulseth Parkway,760-844-0002,San Bernardino,California,United States,90684
A00,,,,,,78638 Browning Terrace,518-985-4254,Albany,New York,United States,46711
B82,Eleonora,Bradder,ebradder2f@abc.net.au,ebradder2f,nON5nyQqPYQ5,799 Washington Way,956-756-3283,Laredo,Texas,United States,88409
B47,Reggie,Lockhart,rlockhart1q@typepad.com,rlockhart1q,3lIDCqbG,8 Cambridge Circle,312-801-1807,Chicago,Illinois,United States,79715
B83,Had,Nesby,hnesby3x@who.int,hnesby3x,GCnpyrxnkNm0,8 Chinook Center,765-190-1683,Crawfordsville,Indiana,United States,93640
A09,,,,,,8 Everett Place,772-864-4048,Vero Beach,Florida,United States,82541
A21,,,,,,8 Garrison Center,918-784-8733,Tulsa,Oklahoma,United States,89742
A93,,,,,,8 Green Trail,561-800-7539,West Palm Beach,Florida,United States,89907
B97,Prentiss,Yurygyn,pyurygyn16@jugem.jp,pyurygyn16,dMkhqyEOOPmp,8 Scott Road,619-461-2177,San Diego,California,United States,94432
A53,,,,,,8 Stephen Lane,203-758-1015,Stamford,Connecticut,United States,41284
B80,Royall,Derkes,rderkes3p@rediff.com,rderkes3p,uKR7bj0KJN7,80385 3rd Pass,805-430-6102,Oxnard,California,United States,34982
B42,Roselin,Hotton,rhotton27@comcast.net,rhotton27,Eqj1MRYEC,80416 Mosinee Drive,310-245-5076,Inglewood,California,United States,42624
B07,Maurice,Shingfield,mshingfield53@ocn.ne.jp,mshingfield53,7hmapHtZA3eb,82306 Artisan Park,585-760-0298,Rochester,New York,United States,98642
B62,Lisa,Collens,lcollens4r@tripod.com,lcollens4r,Rq6LEis1hy,847 Johnson Crossing,404-705-6935,Duluth,Georgia,United States,71738
A83,,,,,,848 Elgar Avenue,859-543-3181,Lexington,Kentucky,United States,95738
B64,Sheelah,Goodchild,sgoodchild24@bigcartel.com,sgoodchild24,TFo0RNdtme6I,85319 Northwestern Drive,410-393-9413,Baltimore,Maryland,United States,85211
A51,,,,,,86 Barnett Place,312-713-9929,Chicago,Illinois,United States,99841
B17,Jourdain,McArthur,jmcarthur4@example.com,jmcarthur4,cv4JqmjaK,88 Reinke Court,917-235-7881,New York City,New York,United States,95315
A62,,,,,,883 Bashford Drive,337-976-6989,Lafayette,Louisiana,United States,98633
B51,Adolphe,Illesley,aillesley1p@guardian.co.uk,aillesley1p,5UULWvk98,9 North Junction,316-126-9610,Wichita,Kansas,United States,90892
A67,,,,,,908 Arapahoe Place,516-305-4770,Great Neck,New York,United States,95487
B76,Shelia,Dymick,sdymick40@chron.com,sdymick40,m2vT7b,91447 Lotheville Lane,703-767-9959,Reston,Virginia,United States,92310
B58,Antonino,Keneford,akeneford3f@ftc.gov,akeneford3f,c7jLOWLoJzKZ,917 Dixon Way,352-118-9362,Ocala,Florida,United States,92048
A63,,,,,,9369 Mccormick Point,513-278-1195,Cincinnati,Ohio,United States,75977
B18,Tim,Lawrenz,tlawrenzp@unblog.fr,tlawrenzp,eYK9v1YxuYdJ,9392 Prairieview Road,718-797-2076,Brooklyn,New York,United States,95993
A84,,,,,,940 Schiller Way,213-802-1835,Los Angeles,California,United States,90071
A85,,,,,,9462 Lerdahl Place,517-577-1688,Lansing,Michigan,United States,94027
B35,Isiahi,Kopf,ikopf30@sourceforge.net,ikopf30,ZHKp6l4HABf,971 Hoepker Avenue,785-284-0632,Topeka,Kansas,United States,90344
A26,,,,,,9731 Oxford Lane,714-253-5296,Anaheim,California,United States,97387
